"Track URI","Track Name","Artist URI(s)","Artist Name(s)","Album URI","Album Name","Album Artist URI(s)","Album Artist Name(s)","Album Release Date","Album Image URL","Disc Number","Track Number","Track Duration (ms)","Track Preview URL","Explicit","Popularity","Added By","Added At"
"spotify:track:25ZqVu02DsxzWkBCM3HSH8","Man and Machine","spotify:artist:2aWjaq32aRQo58dw0w8NM6","U.D.O.","spotify:album:7i7G8arUFvjxlcWHSjoWWJ","Man and Machine (Anniversary Edition)","spotify:artist:2aWjaq32aRQo58dw0w8NM6","U.D.O.","2002-03-25","https://i.scdn.co/image/ab67616d0000b273d75283b3d14ce023a358d438","1","1","341373","https://p.scdn.co/mp3-preview/8d31e5ad4146053883204adbcbd4a27f052acfb7?cid=9950ac751e34487dbbe027c4fd7f8e99","false","56","spotify:user:","2021-04-15T23:00:00Z"
"spotify:track:2RaA6kIcvomt77qlIgGhCT","Breaking the Law","spotify:artist:2tRsMl4eGxwoNabM08Dm4I","Judas Priest","spotify:album:5bqtZRbUZUxUps8mrO9tGY","British Steel","spotify:artist:2tRsMl4eGxwoNabM08Dm4I","Judas Priest","1980","https://i.scdn.co/image/ab67616d0000b273be0e5ebab8c61469b1ff9f62","1","3","153840","https://p.scdn.co/mp3-preview/2045675c3ff30411c283de17ddcf3952efd9234e?cid=9950ac751e34487dbbe027c4fd7f8e99","false","71","spotify:user:","2021-04-15T23:00:00Z"
"spotify:track:0FcbEF2c45mID7o7IJ0qM6","Into The Storm","spotify:artist:0GDGKpJFhVpcjIGF8N6Ewt","Gojira","spotify:album:7GcDYQFIVJ6W3IkzIfFiia","Into The Storm","spotify:artist:0GDGKpJFhVpcjIGF8N6Ewt","Gojira","2021-04-12","https://i.scdn.co/image/ab67616d0000b27323cfe7bce4acab8e454f6883","1","1","302293","https://p.scdn.co/mp3-preview/c1f769ef4f277754e88dfe6398655d4f08f16247?cid=9950ac751e34487dbbe027c4fd7f8e99","false","59","spotify:user:","2021-04-15T23:00:00Z"
"spotify:track:4b5wv7SrTtIO7z8uwYAiP5","The Royal Guard","spotify:artist:3o2dn2O0FCVsWDFSh8qxgG","Sabaton","spotify:album:66MqUrsicmrueRI5ESINJe","The Royal Guard","spotify:artist:3o2dn2O0FCVsWDFSh8qxgG","Sabaton","2021-04-09","https://i.scdn.co/image/ab67616d0000b27377f5109af7d43dfa7e9078e0","1","1","277578","https://p.scdn.co/mp3-preview/8dca80f885870939d48e6eda347cb63d7d63f9d2?cid=9950ac751e34487dbbe027c4fd7f8e99","false","62","spotify:user:","2021-04-15T23:00:00Z"
"spotify:track:51TG9W3y9qyO8BY5RXKgnZ","Symphony Of Destruction","spotify:artist:1Yox196W7bzVNZI7RBaPnf","Megadeth","spotify:album:1w9opfGdFtR3ulNHxnnO1e","Countdown To Extinction","spotify:artist:1Yox196W7bzVNZI7RBaPnf","Megadeth","1992-07-14","https://i.scdn.co/image/ab67616d0000b2737b178f928742be1492c6fba2","1","2","246733","","false","72","spotify:user:","2021-04-15T23:00:00Z"
"spotify:track:3ZuVfQriS93y6ofwbIf7lp","Children of the Grave","spotify:artist:5M52tdBnJaKSvOpJGz8mfZ","Black Sabbath","spotify:album:3kBG6q0aXKxzn01wKTwZr5","Master of Reality (2009 Remastered Version)","spotify:artist:5M52tdBnJaKSvOpJGz8mfZ","Black Sabbath","1971-07-21","https://i.scdn.co/image/ab67616d0000b273b7ec2b4b9c76b3b737990a42","1","4","314720","https://p.scdn.co/mp3-preview/393b35840a1a96f08080adb8d6942e9f5c5feeff?cid=9950ac751e34487dbbe027c4fd7f8e99","false","64","spotify:user:","2021-04-15T23:00:00Z"
"spotify:track:5VZwMq6yaFb04PCTfdNY3K","I Want Out","spotify:artist:4pQN0GB0fNEEOfQCaWotsY","Helloween","spotify:album:0C00ibrtAGw59osJUg5qOO","Keeper of the Seven Keys, Pt. II (Expanded Edition)","spotify:artist:4pQN0GB0fNEEOfQCaWotsY","Helloween","1988","https://i.scdn.co/image/ab67616d0000b2733ab4dc4b31ad6870b455ac80","1","8","280213","https://p.scdn.co/mp3-preview/d33de02489142a8fd01c2612781137b44f8b12a3?cid=9950ac751e34487dbbe027c4fd7f8e99","false","64","spotify:user:","2021-04-15T23:00:00Z"
"spotify:track:7fcfNW0XxTWlwVlftzfDOR","Walk","spotify:artist:14pVkFUHDL207LzLHtSA18","Pantera","spotify:album:7kW0cpKgSVsEqcc8xgbSb0","Vulgar Display of Power","spotify:artist:14pVkFUHDL207LzLHtSA18","Pantera","1992-02-21","https://i.scdn.co/image/ab67616d0000b273347c0a40c1e3f0c890a6d9d6","1","3","315120","https://p.scdn.co/mp3-preview/14e66cb261d6027f14d31e7d247b2281b9e79e71?cid=9950ac751e34487dbbe027c4fd7f8e99","true","74","spotify:user:","2021-04-15T23:00:00Z"
"spotify:track:1PhLYngBKbeDtdmDzCg3Pb","Sad But True","spotify:artist:2ye2Wgw4gimLv2eAKyk1NB","Metallica","spotify:album:2Kh43m04B1UkVcpcRa1Zug","Metallica","spotify:artist:2ye2Wgw4gimLv2eAKyk1NB","Metallica","1991-08-12","https://i.scdn.co/image/ab67616d0000b273cf84c5b276431b473e924802","1","2","323933","","false","70","spotify:user:","2021-04-15T23:00:00Z"
"spotify:track:1KyA5lXW7cAgMLwxRdVAu3","Life's a Bitch","spotify:artist:3JDIAtVrJdQ7GFOX26LYpv","Accept","spotify:album:6zlNESSvqvwfRqKsAkFHjn","Life's a Bitch","spotify:artist:3JDIAtVrJdQ7GFOX26LYpv","Accept","2019-04-19","https://i.scdn.co/image/ab67616d0000b273742bba6660465c21ea67c840","1","1","226093","https://p.scdn.co/mp3-preview/464781ffe5185b62fcacf728f9929e84a9529a08?cid=9950ac751e34487dbbe027c4fd7f8e99","true","53","spotify:user:","2021-04-15T23:00:00Z"
"spotify:track:0L7zm6afBEtrNKo6C6Gj08","Painkiller","spotify:artist:2tRsMl4eGxwoNabM08Dm4I","Judas Priest","spotify:album:7LgrhuKnAXpNEv8qzcVd2t","Painkiller","spotify:artist:2tRsMl4eGxwoNabM08Dm4I","Judas Priest","1990-09-26","https://i.scdn.co/image/ab67616d0000b27360db4ca924d17bc6754e89aa","1","1","365826","https://p.scdn.co/mp3-preview/e42a4de803594215aa4d244895f8d2abb1367697?cid=9950ac751e34487dbbe027c4fd7f8e99","false","66","spotify:user:","2021-04-15T23:00:00Z"
"spotify:track:0u7ZOU5XNVukkKjGf7YeYQ","Vote of No Confidence","spotify:artist:1yfiDL3YUEJlQCgb5Pun6g","Primal Fear","spotify:album:3hGFrVDa7GSUMkJ5KaNlml","I Will Be Gone","spotify:artist:1yfiDL3YUEJlQCgb5Pun6g","Primal Fear","2021-04-09","https://i.scdn.co/image/ab67616d0000b2739a23b5368352ca74ecc1f96f","1","2","365986","https://p.scdn.co/mp3-preview/b4d4fa95913256a5efba6e0216168c1443e1d2d0?cid=9950ac751e34487dbbe027c4fd7f8e99","false","45","spotify:user:","2021-04-15T23:00:00Z"
"spotify:track:1P5B3ARqjPkB9yCNPZq9jV","Rebellion (The Clans Are Marching) - Remastered Version","spotify:artist:6mfghV4I1CD17FOhDKq7cJ","Grave Digger","spotify:album:4ZNfzHslrjITU8iqfzCAL8","Tunes Of War (Remastered 2006)","spotify:artist:6mfghV4I1CD17FOhDKq7cJ","Grave Digger","1996","https://i.scdn.co/image/ab67616d0000b2735d5ef12b8c86299ec4e16f7c","1","11","244760","https://p.scdn.co/mp3-preview/8a6bf2ba4a47684903abf7d02872bca918d27fb8?cid=9950ac751e34487dbbe027c4fd7f8e99","false","50","spotify:user:","2021-04-15T23:00:00Z"
"spotify:track:5LyRtsQLhcXmy50VXhQXXS","Holy Wars...The Punishment Due - Remastered 2004","spotify:artist:1Yox196W7bzVNZI7RBaPnf","Megadeth","spotify:album:0qaLL09EtF1hiUis7PRvaJ","Rust In Peace","spotify:artist:1Yox196W7bzVNZI7RBaPnf","Megadeth","1990-10-04","https://i.scdn.co/image/ab67616d0000b273be9fa5a89479b6af481938a0","1","1","392600","","false","67","spotify:user:","2021-04-15T23:00:00Z"
"spotify:track:7tcBbo9I71WtmLAuzha5mN","Koolaid","spotify:artist:3JDIAtVrJdQ7GFOX26LYpv","Accept","spotify:album:1kzfP9URLnFFCN3H0mrOFo","The Rise of Chaos","spotify:artist:3JDIAtVrJdQ7GFOX26LYpv","Accept","2017-08-04","https://i.scdn.co/image/ab67616d0000b273aee495c22f14e75cecfa217f","1","4","298893","","false","0","spotify:user:","2021-04-15T23:00:00Z"
"spotify:track:3cjPSKlHrekNwiE1fZybZ5","Straight to Hell","spotify:artist:6ZLTlhejhndI4Rh53vYhrY","Ozzy Osbourne","spotify:album:621f68tD6k8azl9FuQgxJT","Straight to Hell","spotify:artist:6ZLTlhejhndI4Rh53vYhrY","Ozzy Osbourne","2019-11-22","https://i.scdn.co/image/ab67616d0000b2738d7332ab7e9fb27288a4733c","1","1","225027","https://p.scdn.co/mp3-preview/e2ad6752dfcc2a9189722e3959cd4b36e8f36598?cid=9950ac751e34487dbbe027c4fd7f8e99","false","53","spotify:user:","2021-04-15T23:00:00Z"
"spotify:track:6qopop1Rc9r1RjEIBQhc8d","Lightning Strike","spotify:artist:2tRsMl4eGxwoNabM08Dm4I","Judas Priest","spotify:album:7p3G0OCxtlWyJcPE1FxnyB","FIREPOWER","spotify:artist:2tRsMl4eGxwoNabM08Dm4I","Judas Priest","2018-03-09","https://i.scdn.co/image/ab67616d0000b2735c48f1b63e4b70cf96ffb088","1","2","209453","https://p.scdn.co/mp3-preview/87049f4ea1bb0bc5f1cc7cee29b3a3920e81e79d?cid=9950ac751e34487dbbe027c4fd7f8e99","false","54","spotify:user:","2021-04-15T23:00:00Z"
"spotify:track:07Vk1JPd5MgBJxdrMpnLNh","The Book of Heavy Metal (March of the Metallians)","spotify:artist:1bkf8u8ot6vEpWTJFBzKZB","Dream Evil","spotify:album:6ZWMfxSgjm7dlS6jbypNDW","The Book of Heavy Metal","spotify:artist:1bkf8u8ot6vEpWTJFBzKZB","Dream Evil","2004-07-13","https://i.scdn.co/image/ab67616d0000b2735e63fac5984dc516623ed0bc","1","1","325800","https://p.scdn.co/mp3-preview/8c01120f8110afae34758d1d8ea314adcfd717af?cid=9950ac751e34487dbbe027c4fd7f8e99","false","52","spotify:user:","2021-04-15T23:00:00Z"
"spotify:track:1uPJUOUzZydICIfknCS2nK","Hearts On Fire","spotify:artist:2o18h28enlHxj887tATc58","HammerFall","spotify:album:2X6TTloD276GgLsMAWfZQn","Crimson Thunder","spotify:artist:2o18h28enlHxj887tATc58","HammerFall","2002-10-28","https://i.scdn.co/image/ab67616d0000b273cbc8161d9dcff8472c0a117e","1","2","231386","","false","0","spotify:user:","2021-04-15T23:00:00Z"
"spotify:track:4xD8Pb5UGURJwnn9vi2Igu","Push","spotify:artist:4CYeVo5iZbtYGBN4Isc3n6","Dio","spotify:album:2de1fHKLJ3o6bDkCjIwcJ6","Killing the Dragon","spotify:artist:4CYeVo5iZbtYGBN4Isc3n6","Dio","2002-05-21","https://i.scdn.co/image/ab67616d0000b273cc1a446fc923bca9d4cb5277","1","6","248960","https://p.scdn.co/mp3-preview/20f28720293ba645f3372130476663314186b8bd?cid=9950ac751e34487dbbe027c4fd7f8e99","false","45","spotify:user:","2021-04-15T23:00:00Z"
"spotify:track:5r1pLWSHgVAwmoDcSJ4ogL","Master of Confusion","spotify:artist:6LZE884lDIsCSLHuTplfGp","Gamma Ray","spotify:album:4zPOosENFJO2AI2MJXnN2n","Master of Confusion","spotify:artist:6LZE884lDIsCSLHuTplfGp","Gamma Ray","2013-03-15","https://i.scdn.co/image/ab67616d0000b27325f0d6b8da3674c9b17cf8e9","1","2","295280","https://p.scdn.co/mp3-preview/45b3ed5e7d75b3e9cccacdbcc3da5c6838dd9313?cid=9950ac751e34487dbbe027c4fd7f8e99","false","45","spotify:user:","2021-04-15T23:00:00Z"
"spotify:track:0eeH8SFeeaIv0lQz61cyL2","Dangerous Ground","spotify:artist:7M4PCSo5DDasGginrPHSDd","H.E.A.T","spotify:album:5ghPmOARm9W1mA04erYQfW","Dangerous Ground","spotify:artist:7M4PCSo5DDasGginrPHSDd","H.E.A.T","2020-01-31","https://i.scdn.co/image/ab67616d0000b273f2328ca9b43c397e2b833c83","1","1","246826","https://p.scdn.co/mp3-preview/163f850366fa1817102afd41e4355314637fdf97?cid=9950ac751e34487dbbe027c4fd7f8e99","false","44","spotify:user:","2021-04-15T23:00:00Z"
"spotify:track:3iUJrkMilUVkUKtYZK7Th4","Blacklist","spotify:artist:76S65NHJHrNy4JTrXHP2BH","Exodus","spotify:album:3sNPwtcV7Xv9CixCk0PpqP","Tempo of the Damned","spotify:artist:76S65NHJHrNy4JTrXHP2BH","Exodus","2004-02-02","https://i.scdn.co/image/ab67616d0000b273378c4ee63d4511e43d0398b8","1","3","376920","https://p.scdn.co/mp3-preview/c81b5f46dcffd1d8ca86d428321245815cd590e2?cid=9950ac751e34487dbbe027c4fd7f8e99","false","55","spotify:user:","2021-04-15T23:00:00Z"
"spotify:track:57PT761NIApIzfORTkmwWU","Hungry and Angry","spotify:artist:2aWjaq32aRQo58dw0w8NM6","U.D.O.","spotify:album:5wQcC9Wbwalmy7fz7IekQP","Steelfactory","spotify:artist:2aWjaq32aRQo58dw0w8NM6","U.D.O.","2018-08-31","https://i.scdn.co/image/ab67616d0000b27376ecb142e264cc05c4ea7976","1","9","276653","https://p.scdn.co/mp3-preview/8c6c1021611198b573f66a3a8ae99fb947427521?cid=9950ac751e34487dbbe027c4fd7f8e99","false","41","spotify:user:","2021-04-15T23:00:00Z"
"spotify:track:1PFKsXase0JFt1KVH6qm5P","Tomorrow's No Concern","spotify:artist:2pD123sZTm8brthWviUKlQ","Dee Snider","spotify:album:3fSFfYaGtMMhNDGHTiVyJX","Tomorrow's No Concern","spotify:artist:2pD123sZTm8brthWviUKlQ","Dee Snider","2018-06-01","https://i.scdn.co/image/ab67616d0000b27355f13ebc55185bd1a5f8868f","1","1","199586","","false","24","spotify:user:","2021-04-15T23:00:00Z"
"spotify:track:3uBjEUnGmq3JOhCEjFzHw8","The Undertaker","spotify:artist:3JDIAtVrJdQ7GFOX26LYpv","Accept","spotify:album:2Ik9ocKBxRseYSLsd6FAId","The Undertaker","spotify:artist:3JDIAtVrJdQ7GFOX26LYpv","Accept","2020-10-02","https://i.scdn.co/image/ab67616d0000b2733bb331ad475c2c074a24cc39","1","1","338254","https://p.scdn.co/mp3-preview/4400abfb42ebfabad025d9dcfd6e5a1fb0aaca9e?cid=9950ac751e34487dbbe027c4fd7f8e99","false","48","spotify:user:","2021-04-15T23:00:00Z"
"spotify:track:4mJmi9z3o1B6k2vry39Ufh","Heavy Metal Never Dies","spotify:artist:6COmyouHXwCeIGS1IFd1PA","Iron Savior","spotify:album:2UhgoMIFgbaiLHuiB0qjHU","The Landing","spotify:artist:6COmyouHXwCeIGS1IFd1PA","Iron Savior","2011-11-18","https://i.scdn.co/image/ab67616d0000b27396cd0b3287f32ec509c46fed","1","5","254386","https://p.scdn.co/mp3-preview/2bba811a99ff778641fb0199d2de2420717ee7c5?cid=9950ac751e34487dbbe027c4fd7f8e99","false","51","spotify:user:","2021-04-15T23:00:00Z"
"spotify:track:01JszWYuKqRjddPQ4creVF","Hardwired","spotify:artist:2ye2Wgw4gimLv2eAKyk1NB","Metallica","spotify:album:4MQxwNLnVePt7CYmLE50kC","Hardwired","spotify:artist:2ye2Wgw4gimLv2eAKyk1NB","Metallica","2016-08-18","https://i.scdn.co/image/ab67616d0000b273fd27cb0cde9a218225f163b6","1","1","191331","","true","0","spotify:user:","2021-04-15T23:00:00Z"
"spotify:track:73XF2iZwVg96NQlTazPy1E","Superheroes","spotify:artist:3AGFqPP3gt5rMSvhR87Xxu","Edguy","spotify:album:3ZH8mui4v5SYxni3PhBHaM","Rocket Ride","spotify:artist:3AGFqPP3gt5rMSvhR87Xxu","Edguy","2006-01-20","https://i.scdn.co/image/ab67616d0000b2732fa7b281fe874b7de767e5ef","1","10","199533","","false","0","spotify:user:","2021-04-15T23:00:00Z"
"spotify:track:2Ei1eAAU4ME4ld72p9wCbW","Fever Dreams","spotify:artist:4CYeVo5iZbtYGBN4Isc3n6","Dio","spotify:album:2E457EiUG9l2rD1EaWcRM4","Magica","spotify:artist:4CYeVo5iZbtYGBN4Isc3n6","Dio","2000-03-21","https://i.scdn.co/image/ab67616d0000b27394c706bf0fed72d89ad0226b","1","4","277600","https://p.scdn.co/mp3-preview/76f7e65688231e0520ea0fa6a2acb4b4293d589e?cid=9950ac751e34487dbbe027c4fd7f8e99","false","46","spotify:user:","2021-04-15T23:00:00Z"
"spotify:track:0g7Wb6Dbe2sfwdntWnkv1W","Along Came the Devil","spotify:artist:1yfiDL3YUEJlQCgb5Pun6g","Primal Fear","spotify:album:17XgA2THnPbYLArrBahaIW","Along Came the Devil","spotify:artist:1yfiDL3YUEJlQCgb5Pun6g","Primal Fear","2020-05-15","https://i.scdn.co/image/ab67616d0000b273577c6d57d6172cf62ee72e9f","1","1","261160","","false","0","spotify:user:","2021-04-15T23:00:00Z"
"spotify:track:5BM618dNRZxN40mCCMFjP0","Too Mean to Die","spotify:artist:3JDIAtVrJdQ7GFOX26LYpv","Accept","spotify:album:5dbzbQ2Lx9oTwSvHyfKheq","Too Mean to Die","spotify:artist:3JDIAtVrJdQ7GFOX26LYpv","Accept","2020-11-06","https://i.scdn.co/image/ab67616d0000b273383c4f17009419914dd35715","1","1","261306","","true","31","spotify:user:","2021-04-15T23:00:00Z"
"spotify:track:20A2m2Dw3afdAOxkEGw5ro","I Am the Hurricane","spotify:artist:2pD123sZTm8brthWviUKlQ","Dee Snider","spotify:album:20Lz3v4KhOVUjvt8vmbtzs","I am The Hurricane","spotify:artist:2pD123sZTm8brthWviUKlQ","Dee Snider","2018-07-20","https://i.scdn.co/image/ab67616d0000b2733103115c7232ff3d9bd185a4","1","1","205973","","false","0","spotify:user:","2021-04-15T23:00:00Z"
"spotify:track:0mIUS9GApGWW8wGxNI0CPE","Mean, Green, Killing Machine","spotify:artist:0NmYchKQ8JIR9QHYJA0FRe","Overkill","spotify:album:5XuskaRVS1oPwxEdjEfYoz","The Grinding Wheel","spotify:artist:0NmYchKQ8JIR9QHYJA0FRe","Overkill","2017-02-10","https://i.scdn.co/image/ab67616d0000b273d2c2a6439b94c4d0a48d4f48","1","1","449786","https://p.scdn.co/mp3-preview/73de2b58bf0b2fd668594ae4e5bb05dd46f57041?cid=9950ac751e34487dbbe027c4fd7f8e99","false","47","spotify:user:","2021-04-15T23:00:00Z"
"spotify:track:1bqxO1wuMODj6x7fiCCovB","Am I Evil?","spotify:artist:3z3KnhKZObj216IgfHYGVf","Diamond Head","spotify:album:3Kq7zsHEu1aueV2ukmjwKA","Am I Evil?","spotify:artist:3z3KnhKZObj216IgfHYGVf","Diamond Head","2020-10-30","https://i.scdn.co/image/ab67616d0000b2732f730ac5e319ace94749bbcf","1","1","505146","https://p.scdn.co/mp3-preview/982889898b7682ba7660f8d7fd5e758a122dc35c?cid=9950ac751e34487dbbe027c4fd7f8e99","false","44","spotify:user:","2021-04-15T23:00:00Z"
"spotify:track:2FBxZwXS9VKhMLxlhXFeOB","We Are One","spotify:artist:2aWjaq32aRQo58dw0w8NM6, spotify:artist:0agPYBlcfHEbiSny1txfL4","U.D.O., Das Musikkorps Der Bundeswehr","spotify:album:6nDAJj7PlcJ5kscFuU4pr5","We Are One","spotify:artist:2aWjaq32aRQo58dw0w8NM6, spotify:artist:0agPYBlcfHEbiSny1txfL4","U.D.O., Das Musikkorps Der Bundeswehr","2020-05-15","https://i.scdn.co/image/ab67616d0000b27371276ca3f043484cce6eade5","1","1","283453","https://p.scdn.co/mp3-preview/cf54305e38b6961922fdc2d6f571a4c55c8d7dfc?cid=9950ac751e34487dbbe027c4fd7f8e99","false","39","spotify:user:","2021-04-15T23:00:00Z"
"spotify:track:6OHdACPsqiigqRCy0VsIY6","Let Sleeping Corpses Lie","spotify:artist:6MC1i9hToT9dRxdN4hIHEW","Bloody Hammers","spotify:album:2DTYFmqQOxZQUSX712BmOg","Let Sleeping Corpses Lie","spotify:artist:6MC1i9hToT9dRxdN4hIHEW","Bloody Hammers","2019-06-14","https://i.scdn.co/image/ab67616d0000b273e6e1e24fab861c220b683457","1","1","316384","","false","0","spotify:user:","2021-04-15T23:00:00Z"
"spotify:track:1rdDtBy28Z5wtSIatYHot0","Zombie Apocalypse","spotify:artist:3JDIAtVrJdQ7GFOX26LYpv","Accept","spotify:album:5rM4E7AWnDj0exkGHaRK5O","Zombie Apocalypse","spotify:artist:3JDIAtVrJdQ7GFOX26LYpv","Accept","2021-01-15","https://i.scdn.co/image/ab67616d0000b2733942a81e3f7a5da47d7c7b90","1","1","335360","","false","23","spotify:user:","2021-04-15T23:00:00Z"
"spotify:track:5YezFqlDub2RcIDSCPcpu1","Lightning","spotify:artist:5z5jrGRiONDfGvQydFriQh","British Lion","spotify:album:4VVnWvGhgOoLhlMnEiktnw","Lightning","spotify:artist:5z5jrGRiONDfGvQydFriQh","British Lion","2019-11-01","https://i.scdn.co/image/ab67616d0000b2733f9d7f729ebd64c5e7a635e2","1","1","349736","https://p.scdn.co/mp3-preview/12c725ba856f4c51d83e6402feb1924ea310b9de?cid=9950ac751e34487dbbe027c4fd7f8e99","false","34","spotify:user:","2021-04-15T23:00:00Z"
"spotify:track:5cchzU1igYAggOulRcD9Sn","Blacksong","spotify:artist:5SaDyTQkjAAdrsmhPzrmw2","Jorn","spotify:album:314eT1BiDyVkpazS12cPkA","Dukebox","spotify:artist:5SaDyTQkjAAdrsmhPzrmw2","Jorn","2009-08-28","https://i.scdn.co/image/ab67616d0000b273f3b2f55d1be2b8d22797322a","1","14","336813","","false","0","spotify:user:","2021-04-15T23:00:00Z"
"spotify:track:1IaQLINjiOCSv4INrrv0aS","Unbreakable","spotify:artist:1O8CSXsPwEqxcoBE360PPO","Stratovarius","spotify:album:37qdr3nW8foSCx7SRHP5La","Nemesis","spotify:artist:1O8CSXsPwEqxcoBE360PPO","Stratovarius","2013-02-22","https://i.scdn.co/image/ab67616d0000b27345929a0374382888497e94c1","1","2","277546","https://p.scdn.co/mp3-preview/d0fe751e5345e82d7d6d2355c30b2aebe542fbe6?cid=9950ac751e34487dbbe027c4fd7f8e99","false","52","spotify:user:","2021-04-15T23:00:00Z"
"spotify:track:0OV5HT4cXI78HHoYe2ioXa","Masquerade of Madness","spotify:artist:5i0ph60TnwTlIGrOZAmcZa","King Diamond","spotify:album:503TX3VuEPx0zSrKz0ZmNc","Masquerade of Madness","spotify:artist:5i0ph60TnwTlIGrOZAmcZa","King Diamond","2019-11-08","https://i.scdn.co/image/ab67616d0000b273fbb6ce785633673c07e7b8c8","1","1","256538","https://p.scdn.co/mp3-preview/5df5265dad3f264552b404dc8a0959d8bff4f29d?cid=9950ac751e34487dbbe027c4fd7f8e99","false","41","spotify:user:","2021-04-15T23:00:00Z"
"spotify:track:3rjLNQoQltUK2IH9EHz5Wu","Tears of a Mandrake","spotify:artist:3AGFqPP3gt5rMSvhR87Xxu","Edguy","spotify:album:0FqbEsI2QXEaDVGMxslJoa","Monuments","spotify:artist:3AGFqPP3gt5rMSvhR87Xxu","Edguy","2017-07-14","https://i.scdn.co/image/ab67616d0000b2737b8140c1fe3aeac074a187ef","1","15","434773","","false","0","spotify:user:","2021-04-15T23:00:00Z"
"spotify:track:3GM0xXSvZFcBspltFsLMS3","Valley of the Kings","spotify:artist:71vVmHeNgCVSa5SVmfvscU","Saxon","spotify:album:1DWnVZr8DefUXkqSp5KPal","Into The Labyrinth","spotify:artist:71vVmHeNgCVSa5SVmfvscU","Saxon","2008","https://i.scdn.co/image/ab67616d0000b273e0c9099708a8176cf98d38a1","1","5","303906","","false","0","spotify:user:","2021-04-15T23:00:00Z"
"spotify:track:7mvQXgyVwWr9fYMVDoCMkY","It’s Electric","spotify:artist:3z3KnhKZObj216IgfHYGVf","Diamond Head","spotify:album:1OkYZGeYAH4wbHRcTrkQrS","It’s Electric","spotify:artist:3z3KnhKZObj216IgfHYGVf","Diamond Head","2020-09-18","https://i.scdn.co/image/ab67616d0000b2738f5b795c2b11dd4f107aa150","1","1","198480","https://p.scdn.co/mp3-preview/2dfefcf5d77922b8e196250c41df4e176b6c0761?cid=9950ac751e34487dbbe027c4fd7f8e99","false","41","spotify:user:","2021-04-15T23:00:00Z"
"spotify:track:0XJ91I6smUYRzRCGbU2N4b","One Heart One Soul","spotify:artist:2aWjaq32aRQo58dw0w8NM6","U.D.O.","spotify:album:5wQcC9Wbwalmy7fz7IekQP","Steelfactory","spotify:artist:2aWjaq32aRQo58dw0w8NM6","U.D.O.","2018-08-31","https://i.scdn.co/image/ab67616d0000b27376ecb142e264cc05c4ea7976","1","10","296316","https://p.scdn.co/mp3-preview/8fb623a003f06658c75143c827f01e82de2448d8?cid=9950ac751e34487dbbe027c4fd7f8e99","false","44","spotify:user:","2021-04-15T23:00:00Z"
"spotify:track:3pKsUMqpVr4ZJ13Mm91Xig","Down for Life","spotify:artist:28hJdGN1Awf7u3ifk2lVkg","Testament","spotify:album:0dYgfOuAerUldWRodoOR6J","The Gathering","spotify:artist:28hJdGN1Awf7u3ifk2lVkg","Testament","2018-01-26","https://i.scdn.co/image/ab67616d0000b273f1897a3debc7d085fcaa901c","1","2","203680","https://p.scdn.co/mp3-preview/600061566bb2eea5210160a6394647eb6f970e44?cid=9950ac751e34487dbbe027c4fd7f8e99","false","49","spotify:user:","2021-04-15T23:00:00Z"
"spotify:track:2DcykF5eaHu1z2TiuRmns0","Nabbed in Nebraska","spotify:artist:0maNhqGx60ucjS4UaAH6cP","Anvil","spotify:album:1Q7cGukENcz0K2QPr9AIAE","Nabbed in Nebraska","spotify:artist:0maNhqGx60ucjS4UaAH6cP","Anvil","2019-12-05","https://i.scdn.co/image/ab67616d0000b2736d725cadfe38ce4143fdf897","1","1","273480","https://p.scdn.co/mp3-preview/d4d316392a1ee822e0f1e91149d5a5ad7266cac8?cid=9950ac751e34487dbbe027c4fd7f8e99","false","30","spotify:user:","2021-04-15T23:00:00Z"
"spotify:track:5gNyrx8elXaXXs3vFC1ufZ","Raise Your Horns","spotify:artist:3pulcT2wt7FEG10lQlqDJL","Amon Amarth","spotify:album:79GLbXCHnsOG9TBzvtS3sy","Jomsviking","spotify:artist:3pulcT2wt7FEG10lQlqDJL","Amon Amarth","2016-03-25","https://i.scdn.co/image/ab67616d0000b273a6c97e91aad5eecb10919b15","1","5","263786","https://p.scdn.co/mp3-preview/937ccb0c24b39b4d66b5030270404dd1a34ba020?cid=9950ac751e34487dbbe027c4fd7f8e99","false","57","spotify:user:","2021-04-15T23:00:00Z"
"spotify:track:3ArY0OnRj46Qb7UIpjrKKy","Eternal","spotify:artist:7Iffw1nP3NjCWkRIx3Ily9","Bruce Dickinson","spotify:album:3SryVsff2UEt9JfalPnhXJ","Eternal","spotify:artist:7Iffw1nP3NjCWkRIx3Ily9","Bruce Dickinson","2018-06-15","https://i.scdn.co/image/ab67616d0000b273731a35636b0e872b4e4b7070","1","1","359238","https://p.scdn.co/mp3-preview/7a52db4a0e0dc7e9034239b7699577adf6cb131a?cid=9950ac751e34487dbbe027c4fd7f8e99","false","38","spotify:user:","2021-04-15T23:00:00Z"
"spotify:track:7v6DwMJy1kPV874CfuN1mY","Astorolus - the Great Octopus","spotify:artist:7zDtfSB0AOZWhpuAHZIOw5","Candlemass","spotify:album:4XrIy3GrY9wdXMgiBEmj37","Astorolus - the Great Octopus","spotify:artist:7zDtfSB0AOZWhpuAHZIOw5","Candlemass","2019-01-11","https://i.scdn.co/image/ab67616d0000b2736e66b96a135c2e4d12333d18","1","1","402520","","false","0","spotify:user:","2021-04-15T23:00:00Z"
"spotify:track:0LtZ0J7wBewtpjA6w98MlC","End of the Attention Span","spotify:artist:4ug41UGuMZzlV2hJOrOqHN","Armored Saint","spotify:album:5UBB2I0DXxlxGWEgNkx2tH","End of the Attention Span","spotify:artist:4ug41UGuMZzlV2hJOrOqHN","Armored Saint","2020-08-12","https://i.scdn.co/image/ab67616d0000b2734d2841a2d0e76b518f93b3dd","1","1","313354","https://p.scdn.co/mp3-preview/1dfc1c9a2cf9f75c7026a2b88b782a2630e2a3cd?cid=9950ac751e34487dbbe027c4fd7f8e99","false","44","spotify:user:","2021-04-15T23:00:00Z"
"spotify:track:2tbdpZIOkV8kK0pZDBxXRQ","Immortally Insane","spotify:artist:14pVkFUHDL207LzLHtSA18","Pantera","spotify:album:2nhNrmeayyt111lqj6Om4L","Reinventing the Steel - 20th Anniversary Deluxe Edition","spotify:artist:14pVkFUHDL207LzLHtSA18","Pantera","2020-10-08","https://i.scdn.co/image/ab67616d0000b27362742293cb15ec85e9144585","1","1","311083","https://p.scdn.co/mp3-preview/1f1f61a4599d868e3eba3bdb1ad57fb988766648?cid=9950ac751e34487dbbe027c4fd7f8e99","true","41","spotify:user:","2021-04-15T23:00:00Z"
"spotify:track:0x4rHQ1Syor8YChasHuRJg","Dance with the Devil","spotify:artist:0eNuNAhL4dW2nvKbSe2mS8","Burning Witches","spotify:album:0prKZd93okYXYYIxrYTtzQ","Dance with the Devil","spotify:artist:0eNuNAhL4dW2nvKbSe2mS8","Burning Witches","2020-02-07","https://i.scdn.co/image/ab67616d0000b2733c4814710adae3dc1f9501a2","1","1","266466","","false","0","spotify:user:","2021-04-15T23:00:00Z"
"spotify:track:6SvjyJTHQiE0hNtW8onMuR","Death by Design","spotify:artist:3z3KnhKZObj216IgfHYGVf","Diamond Head","spotify:album:4uaOVHeCyMjxq2nSKHVLV0","Death by Design","spotify:artist:3z3KnhKZObj216IgfHYGVf","Diamond Head","2019-04-26","https://i.scdn.co/image/ab67616d0000b273a3243bf82d616d297d447a4f","1","1","283720","https://p.scdn.co/mp3-preview/2f1b0a7822945df194fdf360b53ea36ff69d5bb0?cid=9950ac751e34487dbbe027c4fd7f8e99","false","37","spotify:user:","2021-04-15T23:00:00Z"
"spotify:track:2I1erAt8UHtkXhPRl1UM1r","Man the Machine","spotify:artist:2OgUPVlWYgGBGMefZgGvCO","Queensrÿche","spotify:album:52395IUFQXHluX4mvqg7Yb","Man the Machine","spotify:artist:2OgUPVlWYgGBGMefZgGvCO","Queensrÿche","2018-11-16","https://i.scdn.co/image/ab67616d0000b27386d5aaadb84243b8de045612","1","1","230613","https://p.scdn.co/mp3-preview/9c6f0901a9671938eb5222370cf901a61cf2c4a2?cid=9950ac751e34487dbbe027c4fd7f8e99","false","35","spotify:user:","2021-04-15T23:00:00Z"
"spotify:track:5XacDuEUZ40blaEX7e3vJ7","Waiting For the Thunder - Remastered 2020","spotify:artist:4pQN0GB0fNEEOfQCaWotsY","Helloween","spotify:album:7BD7l7lYzQzoMBLCXDVYHe","Straight out of Hell (Remastered 2020)","spotify:artist:4pQN0GB0fNEEOfQCaWotsY","Helloween","2020-06-29","https://i.scdn.co/image/ab67616d0000b273ea9959c63fba652eb4be5543","1","6","235213","https://p.scdn.co/mp3-preview/dd9efb8faf3307488778994b6cd835d056add401?cid=9950ac751e34487dbbe027c4fd7f8e99","false","44","spotify:user:","2021-04-15T23:00:00Z"
"spotify:track:4TW7ReI5Jzvm3TQ59DWA7v","Now the Screaming Starts","spotify:artist:6MC1i9hToT9dRxdN4hIHEW","Bloody Hammers","spotify:album:4afU6LdO2FFF1ANLoGBrC8","Now the Screaming Starts","spotify:artist:6MC1i9hToT9dRxdN4hIHEW","Bloody Hammers","2019-04-19","https://i.scdn.co/image/ab67616d0000b273bca8edd77040fe9957f6898e","1","1","243689","","false","0","spotify:user:","2021-04-15T23:00:00Z"
"spotify:track:6VDQFrgoZmTR0nKVCFXMtc","My Midnight Things","spotify:artist:0ZdLFpb5MhkSrsHef7A3Bb","Lizzy Borden","spotify:album:74BIJQijc2IChuwZnkGsm3","My Midnight Things","spotify:artist:0ZdLFpb5MhkSrsHef7A3Bb","Lizzy Borden","2018-04-18","https://i.scdn.co/image/ab67616d0000b2733509494acf08e07b206b7606","1","1","261378","https://p.scdn.co/mp3-preview/305635f551a1c88e871e7c57fc5f96372570d28e?cid=9950ac751e34487dbbe027c4fd7f8e99","false","32","spotify:user:","2021-04-15T23:00:00Z"
"spotify:track:0ojGXbSAH6INkZX24Kfs2u","The Best Is yet to Come","spotify:artist:3JDIAtVrJdQ7GFOX26LYpv","Accept","spotify:album:1Ua7bczSzWunvSHJQ44tQD","Too Mean to Die","spotify:artist:3JDIAtVrJdQ7GFOX26LYpv","Accept","2021-01-29","https://i.scdn.co/image/ab67616d0000b2733a2a931c2fe28e89a7169cc7","1","8","287466","https://p.scdn.co/mp3-preview/a9b87359c100d89965e61944ceac4d59792354c3?cid=9950ac751e34487dbbe027c4fd7f8e99","false","48","spotify:user:","2021-04-15T23:00:00Z"
"spotify:track:3jq0ula2HD54lHumVcEx8b","Burning Times","spotify:artist:3KEixcRfBS5K3E91Vn1Kdy","Iced Earth","spotify:album:3Cg1jiRfFHatnPx40pqGL3","The Blessed And The Damned","spotify:artist:3KEixcRfBS5K3E91Vn1Kdy","Iced Earth","2004-07-26","https://i.scdn.co/image/ab67616d0000b273000ff157160cea80db0ff899","1","1","223560","","false","0","spotify:user:","2021-04-15T23:00:00Z"
"spotify:track:1V0dmLDJl5O68IphFsom9a","Dead on the Vine","spotify:artist:0exvkfkATkqWOJgugTjJhP","Metal Church","spotify:album:2hKqORo0SRImOzkUFZ0Gt1","Dead on the Vine","spotify:artist:0exvkfkATkqWOJgugTjJhP","Metal Church","2020-02-27","https://i.scdn.co/image/ab67616d0000b273956de98bf5a0d72b6679b285","1","1","237838","","false","3","spotify:user:","2021-04-15T23:00:00Z"
"spotify:track:1YzpldeqIg9ajimliORKzK","Straight to the Heart","spotify:artist:7k5jeohQCF20a8foBD9ize","Battle Beast","spotify:album:5MdrTymhBb1Zt5LJHGlDL9","Bringer of Pain","spotify:artist:7k5jeohQCF20a8foBD9ize","Battle Beast","2017-02-17","https://i.scdn.co/image/ab67616d0000b27306cab96db6ba501e585a31a0","1","1","211600","","false","0","spotify:user:","2021-04-15T23:00:00Z"
"spotify:track:01PlEMEsHPNmGEzUGYXo7y","Wings of Steel","spotify:artist:0eNuNAhL4dW2nvKbSe2mS8","Burning Witches","spotify:album:5X16ADkFIiyA3cJsQbMXAy","Wings of Steel","spotify:artist:0eNuNAhL4dW2nvKbSe2mS8","Burning Witches","2019-07-19","https://i.scdn.co/image/ab67616d0000b2736ee372b9f49262d913dce15c","1","1","273638","https://p.scdn.co/mp3-preview/e4a17416b8f8386dee80e0016f0b08166116f22d?cid=9950ac751e34487dbbe027c4fd7f8e99","false","34","spotify:user:","2021-04-15T23:00:00Z"
"spotify:track:7xgeLOrFheKF2yPqiLmjU8","We Are What We Are","spotify:artist:4yIytMmJ2tx30YdMAMkDSo","Lion's Share","spotify:album:6TE3LXZkzsAHDPuTo8YRww","We Are What We Are","spotify:artist:4yIytMmJ2tx30YdMAMkDSo","Lion's Share","2019-06-04","https://i.scdn.co/image/ab67616d0000b2732873ce9d9e72fd1dc0dd463f","1","1","252151","https://p.scdn.co/mp3-preview/2bfdca5e175b280fc6481fbb445a8f6128298b2a?cid=9950ac751e34487dbbe027c4fd7f8e99","false","36","spotify:user:","2021-04-15T23:00:00Z"
"spotify:track:7G0n4t8Ul5r0BpS2lw5hYT","Die by the Blade","spotify:artist:0rEuaTPLMhlViNCJrg3NEH","Beast In Black","spotify:album:3cWywjglsOprND0106Mv1s","Die by the Blade","spotify:artist:0rEuaTPLMhlViNCJrg3NEH","Beast In Black","2019-01-11","https://i.scdn.co/image/ab67616d0000b2734365a8d9113c2b6ea372654c","1","1","194838","","false","0","spotify:user:","2021-04-15T23:00:00Z"
"spotify:track:1hMe8GvsGxd2Z442FDVg5Y","Seven Headed Whore","spotify:artist:3KEixcRfBS5K3E91Vn1Kdy","Iced Earth","spotify:album:7jdSTiR96uRP2BsetUSLKB","Incorruptible","spotify:artist:3KEixcRfBS5K3E91Vn1Kdy","Iced Earth","2017-06-16","https://i.scdn.co/image/ab67616d0000b273c8fa39d64838da3021bbf940","1","5","180173","https://p.scdn.co/mp3-preview/22d22cde1c85a50a666858e8ac4cc7e15d5ba3ce?cid=9950ac751e34487dbbe027c4fd7f8e99","true","43","spotify:user:","2021-04-15T23:00:00Z"
"spotify:track:6F5OGRRIQDc5hF60mcjSTx","Uranus (feat. Michael Starr)","spotify:artist:7jw9vF1hFRp1k8dDRNRiC5, spotify:artist:6tTXfeP8gXGYMxWOz1Epwe","NanowaR of Steel, Michael Starr","spotify:album:5KquqpCt18zTEVgakTfLYz","Uranus (feat. Michael Starr)","spotify:artist:7jw9vF1hFRp1k8dDRNRiC5","NanowaR of Steel","2020-10-08","https://i.scdn.co/image/ab67616d0000b273ef48641573925d67f5148e92","1","1","253389","https://p.scdn.co/mp3-preview/74569693fba852a3411e4f17b0a529762f1dcbdd?cid=9950ac751e34487dbbe027c4fd7f8e99","true","39","spotify:user:","2021-04-15T23:00:00Z"
"spotify:track:3N56fEJqHbCpcDav9wcThU","(We make) Sweden Rock","spotify:artist:2o18h28enlHxj887tATc58","HammerFall","spotify:album:1k8eg8tVFM6NBEdeGTUopG","(We Make) Sweden Rock","spotify:artist:2o18h28enlHxj887tATc58","HammerFall","2019-05-03","https://i.scdn.co/image/ab67616d0000b273521cc4c62018cd0441777fe4","1","1","255526","","false","0","spotify:user:","2021-04-15T23:00:00Z"
"spotify:track:2W4x14ONqFL4C2OhQlX15c","Ride on the Wild Side","spotify:artist:7954VFaZClkL503srfV5PE","Running Wild","spotify:album:4WcHMesMqQUZGiTI2IKltc","Ride on the Wild Side","spotify:artist:7954VFaZClkL503srfV5PE","Running Wild","2019-11-22","https://i.scdn.co/image/ab67616d0000b2730cc619ec631e67ec4559f38a","1","1","246760","https://p.scdn.co/mp3-preview/b980a99bb8f93e0dde706dbfdf962be99a50d4d2?cid=9950ac751e34487dbbe027c4fd7f8e99","false","38","spotify:user:","2021-04-15T23:00:00Z"
"spotify:track:0fMuzQi38wXOcW4lVLJYpW","Gunfire","spotify:artist:7dWw3TXxNe2aEhng9vVRNl","Axel Rudi Pell","spotify:album:4OIbjD6PkHuR2kwIkl6Bsk","Gunfire","spotify:artist:7dWw3TXxNe2aEhng9vVRNl","Axel Rudi Pell","2020-02-21","https://i.scdn.co/image/ab67616d0000b27314f521c8e16988690026457f","1","1","320786","https://p.scdn.co/mp3-preview/083e17d3652ccf6fd3a96c0aa8a7b938a7d03b99?cid=9950ac751e34487dbbe027c4fd7f8e99","false","37","spotify:user:","2021-04-15T23:00:00Z"
"spotify:track:0TpukZ7KJGyxYGFe6AgtOD","Viva La Victoria","spotify:artist:23ajwxFk5RBpPERZrcjHUr","Eclipse","spotify:album:22VcmOjOj8Dx7GBcYmFu8A","Viva La Victoria","spotify:artist:23ajwxFk5RBpPERZrcjHUr","Eclipse","2019-08-23","https://i.scdn.co/image/ab67616d0000b273464c5e28c05d68738d13a8db","1","1","191669","https://p.scdn.co/mp3-preview/5d66673073da7bd799aaadfa3d9d5eae4a952d04?cid=9950ac751e34487dbbe027c4fd7f8e99","false","56","spotify:user:","2021-04-15T23:00:00Z"
"spotify:track:2ZDpLMQHTZPEN05gQMPbDs","Revolution Is My Name - 2020 Terry Date Mix","spotify:artist:14pVkFUHDL207LzLHtSA18","Pantera","spotify:album:5t6KIM8JLS1NQ46PWPrPtR","Reinventing The Steel - 20th Anniversary Deluxe Edition (Terry Date Mix)","spotify:artist:14pVkFUHDL207LzLHtSA18","Pantera","2020-09-10","https://i.scdn.co/image/ab67616d0000b273ba9b516522503d2641017464","1","1","316128","https://p.scdn.co/mp3-preview/fbab42925583bc2fcffa3648cae3a01dc52db5a8?cid=9950ac751e34487dbbe027c4fd7f8e99","true","41","spotify:user:","2021-04-15T23:00:00Z"
"spotify:track:16xgTpD2IK6HNxnYOhuAGn","Brother of the Storm","spotify:artist:7GTkjp7qsfmx8iJzBUQLmN","Grand Magus","spotify:album:3lLA3FMglcgPttcLCUEUuU","Brother of the Storm","spotify:artist:7GTkjp7qsfmx8iJzBUQLmN","Grand Magus","2019-03-22","https://i.scdn.co/image/ab67616d0000b2739cf8ce3c9591744a57d83016","1","1","195840","","false","0","spotify:user:","2021-04-15T23:00:00Z"
"spotify:track:06HNCfXJcMnKHmRrkue97s","Twilight Of The Gods","spotify:artist:7jxJ25p0pPjk0MStloN6o6","Blind Guardian","spotify:album:5bH9q5EMi147oTykVETEZn","Beyond The Red Mirror","spotify:artist:7jxJ25p0pPjk0MStloN6o6","Blind Guardian","2015-01-30","https://i.scdn.co/image/ab67616d0000b273c842f0505e04637fe74a839a","1","2","291106","","false","0","spotify:user:","2021-04-15T23:00:00Z"
"spotify:track:2mjhf9C6pE6oUkxF7mRyd7","Down and Out","spotify:artist:1kOg7VnU8brFniiq9RnR9X","Savage Messiah","spotify:album:5oJdANHLwnB7wxDuoAkTOq","Down and Out","spotify:artist:1kOg7VnU8brFniiq9RnR9X","Savage Messiah","2019-04-26","https://i.scdn.co/image/ab67616d0000b273d1715636894d4027c585d3a7","1","1","239026","https://p.scdn.co/mp3-preview/61c7e1349a281cb043662378c32490dad9cfb5aa?cid=9950ac751e34487dbbe027c4fd7f8e99","false","34","spotify:user:","2021-04-15T23:00:00Z"
"spotify:track:16jJ0Od4C5K6IiOT0fVdxe","Drilled to Kill","spotify:artist:5uSY4FF3dZMCVSkZslKCHi","Michael Schenker Group","spotify:album:4jRqlkUhnjE7Dr9aVNXfMg","Drilled to Kill","spotify:artist:5uSY4FF3dZMCVSkZslKCHi","Michael Schenker Group","2020-11-20","https://i.scdn.co/image/ab67616d0000b27344dafab198ad48808b3b1df2","1","1","271800","","false","25","spotify:user:","2021-04-15T23:00:00Z"
"spotify:track:3a61be1anmjh3hzBrQzlYn","Sweet True Lies","spotify:artist:0rEuaTPLMhlViNCJrg3NEH","Beast In Black","spotify:album:1MdhPZSgzhLfCMtkJptQX3","Sweet True Lies","spotify:artist:0rEuaTPLMhlViNCJrg3NEH","Beast In Black","2018-11-30","https://i.scdn.co/image/ab67616d0000b273a13935ba1319034dba2091ff","1","1","206563","","false","0","spotify:user:","2021-04-15T23:00:00Z"
"spotify:track:3Ozsvtb47qZ0yzTxNTcPM0","Dominion","spotify:artist:2o18h28enlHxj887tATc58","HammerFall","spotify:album:5lqDlYKKERiLwrIkW6qyls","Dominion","spotify:artist:2o18h28enlHxj887tATc58","HammerFall","2019-08-01","https://i.scdn.co/image/ab67616d0000b2735d6b4d606535772e4d53226b","1","1","279727","","false","0","spotify:user:","2021-04-15T23:00:00Z"
"spotify:track:3GgRiZAItMKP1ILzi4ErrY","Kill the Pain","spotify:artist:5klvF93hycKWPsqssBXY9A","Night Demon","spotify:album:6MCmWU6Q5xheH4ARXbtJfs","Kill The Pain","spotify:artist:5klvF93hycKWPsqssBXY9A","Night Demon","2020-05-01","https://i.scdn.co/image/ab67616d0000b273915ef0affda04bcfecb570b9","1","1","258626","https://p.scdn.co/mp3-preview/6f5c5a9efbd7b362639fb3b956c7ef37a3906148?cid=9950ac751e34487dbbe027c4fd7f8e99","false","37","spotify:user:","2021-04-15T23:00:00Z"
"spotify:track:0PoMcX0HyQDLndrGMaFT2z","Blood of the Levant","spotify:artist:2OgUPVlWYgGBGMefZgGvCO","Queensrÿche","spotify:album:2fU5qEnXRpkEfHIhewAqoL","Blood of the Levant","spotify:artist:2OgUPVlWYgGBGMefZgGvCO","Queensrÿche","2019-02-15","https://i.scdn.co/image/ab67616d0000b273bab00a807e79519101014e62","1","1","207226","https://p.scdn.co/mp3-preview/a1f6b885c423c03f2ce6b99f49fff77f6a7bae3a?cid=9950ac751e34487dbbe027c4fd7f8e99","false","34","spotify:user:","2021-04-15T23:00:00Z"
"spotify:track:0YWyKtLAlmVjryfY6CSxYE","Kai Tangata","spotify:artist:2vov4zolAP7zbIhB5CsIPm","Alien Weaponry","spotify:album:4RBkIbNroo8Lp1Y8p3VV4M","Tū","spotify:artist:2vov4zolAP7zbIhB5CsIPm","Alien Weaponry","2018-06-01","https://i.scdn.co/image/ab67616d0000b273fd9104f83223065d556f5f50","1","5","395500","https://p.scdn.co/mp3-preview/12cdd83a981740e9427c20cf3fdad3b8f14915ea?cid=9950ac751e34487dbbe027c4fd7f8e99","false","48","spotify:user:","2021-04-15T23:00:00Z"
"spotify:track:4HcPY8dxlBZ5wjHkvLjJDR","The Pendulum","spotify:artist:7zDtfSB0AOZWhpuAHZIOw5","Candlemass","spotify:album:5Zyq4y09OS3ssfVBymUgPB","The Pendulum","spotify:artist:7zDtfSB0AOZWhpuAHZIOw5","Candlemass","2020-01-31","https://i.scdn.co/image/ab67616d0000b273d08fca8fb738cb4381e25035","1","1","299293","https://p.scdn.co/mp3-preview/d86f6c6c007622df56abdd3ade467da3fe169736?cid=9950ac751e34487dbbe027c4fd7f8e99","false","35","spotify:user:","2021-04-15T23:00:00Z"
"spotify:track:31BIfWawTAEnp8KsAasy13","Mindtraveller","spotify:artist:1UKdnbreQFDmPg3Mhcjhkr","Falconer","spotify:album:4j3Pe9H1HCpbunI1XdQWro","Falconer","spotify:artist:1UKdnbreQFDmPg3Mhcjhkr","Falconer","2001","https://i.scdn.co/image/ab67616d0000b273c15f2c3144e86069239d51f5","1","5","345573","https://p.scdn.co/mp3-preview/f520fcff7b680d89b7b99bf54ebf52fb6d9746c7?cid=9950ac751e34487dbbe027c4fd7f8e99","false","47","spotify:user:","2021-04-15T23:00:00Z"
"spotify:track:7uKK7wY13Z65M7WQAO9r46","I Am the Anger","spotify:artist:70I9vE7YTwKmelfEplXc5r","Firewind","spotify:album:72we6ktCYDCvbD78ffemkH","Burning Earth","spotify:artist:70I9vE7YTwKmelfEplXc5r","Firewind","2003-01-01","https://i.scdn.co/image/ab67616d0000b27332b326b64cf414d4a2ea598f","1","2","228800","","false","13","spotify:user:","2021-04-15T23:00:00Z"
"spotify:track:3OglU7QicgmT9cDISCW6kl","Prove Me Wrong","spotify:artist:2pD123sZTm8brthWviUKlQ","Dee Snider","spotify:album:3ETXhmjMQ4aKFULZ4bNEB9","Prove Me Wrong","spotify:artist:2pD123sZTm8brthWviUKlQ","Dee Snider","2020-05-19","https://i.scdn.co/image/ab67616d0000b273d8b8b6847f55ed79789bc385","1","1","228880","https://p.scdn.co/mp3-preview/841bd0a8b04723f48e04c2a74c32e4966f522ef7?cid=9950ac751e34487dbbe027c4fd7f8e99","true","32","spotify:user:","2021-04-15T23:00:00Z"
"spotify:track:6V1tb8rFw1nPeOXX4sccTC","Memento Mori","spotify:artist:3JFsVIxOn7STeilPICkkB2","Lamb of God","spotify:album:7jBx6OxyVMHSmAzLHxchIh","Memento Mori","spotify:artist:3JFsVIxOn7STeilPICkkB2","Lamb of God","2020-03-17","https://i.scdn.co/image/ab67616d0000b27368d6aecdf7f4b2fcefc4335b","1","1","348099","","false","22","spotify:user:","2021-04-15T23:00:00Z"
"spotify:track:0oPS4seBoSMmz0M1OnL0l1","Wings of the Storm","spotify:artist:7dWw3TXxNe2aEhng9vVRNl","Axel Rudi Pell","spotify:album:5zqUnkGcb5vHjRlNN8oAUl","Wings of the Storm","spotify:artist:7dWw3TXxNe2aEhng9vVRNl","Axel Rudi Pell","2020-03-27","https://i.scdn.co/image/ab67616d0000b2736f5172042a6b8c5d4a0a22c5","1","1","347720","https://p.scdn.co/mp3-preview/1e0b66c7bc12d737b6defc3d1be23e0c98679553?cid=9950ac751e34487dbbe027c4fd7f8e99","false","35","spotify:user:","2021-04-15T23:00:00Z"
"spotify:track:658hbUMUk7jcYpSqAOhX28","If I Can't Have You - No One Will (feat. Johan Hegg)","spotify:artist:5GLeyUhj8B8f5pJxqZllKl, spotify:artist:468XobaUhrILLXnYCv013o","Doro, Johan Hegg","spotify:album:5n2FbYAZQzVYUw6aFMYu7v","If I Can't Have You - No One Will (feat. Johan Hegg)","spotify:artist:5GLeyUhj8B8f5pJxqZllKl","Doro","2018-07-27","https://i.scdn.co/image/ab67616d0000b273f3e98a060c0dbca9404e99c3","1","1","309200","","false","0","spotify:user:","2021-04-15T23:00:00Z"
"spotify:track:7Ljmzd9qsvXBEKLtHuqpWn","Serpentine","spotify:artist:4OGo8f0tdKloP3IZwvnLqt","Pretty Maids","spotify:album:1qIMvM6njipAAzCGemCdlv","Serpentine","spotify:artist:4OGo8f0tdKloP3IZwvnLqt","Pretty Maids","2019-09-06","https://i.scdn.co/image/ab67616d0000b273c1050545b2e90e613b0de757","1","1","256560","https://p.scdn.co/mp3-preview/0f05b5193dcecce09c61b4110db2cd84771bd6a0?cid=9950ac751e34487dbbe027c4fd7f8e99","false","38","spotify:user:","2021-04-15T23:00:00Z"
"spotify:track:5uEOhWDWr4gN9YMgZNVGRB","Rising Fire","spotify:artist:70I9vE7YTwKmelfEplXc5r","Firewind","spotify:album:4gGtBcTbf80l1PNvhgJXnx","Rising Fire","spotify:artist:70I9vE7YTwKmelfEplXc5r","Firewind","2020-03-20","https://i.scdn.co/image/ab67616d0000b2735a51887602396179062bb297","1","1","206426","https://p.scdn.co/mp3-preview/4b2cb433f1053e11d165a94fefebb5ba6de7bf2f?cid=9950ac751e34487dbbe027c4fd7f8e99","false","46","spotify:user:","2021-04-15T23:00:00Z"
"spotify:track:4MbJlBkNTEXGJ0sL8U5ABN","Armed To The Teeth","spotify:artist:0L8QRAAuWjqvTM8FpQ1gYO","Annihilator","spotify:album:5b30EK9tx0jYfn7DP38rNn","Armed To The Teeth","spotify:artist:0L8QRAAuWjqvTM8FpQ1gYO","Annihilator","2019-12-13","https://i.scdn.co/image/ab67616d0000b273713982ad06df48487ca07244","1","1","266014","https://p.scdn.co/mp3-preview/0e4ff6ca1e479475ef69a5fea9e0e064d63bbccf?cid=9950ac751e34487dbbe027c4fd7f8e99","true","39","spotify:user:","2021-04-15T23:00:00Z"
"spotify:track:2BplVdP6wG9ZePdQW936OP","Keeping Me Alive","spotify:artist:1MZ8NERIuOS610KBhr6yna","Tygers Of Pan Tang","spotify:album:4Lp11oj4GJEz5j4bXEfdZk","Ambush","spotify:artist:1MZ8NERIuOS610KBhr6yna","Tygers Of Pan Tang","2020-09-18","https://i.scdn.co/image/ab67616d0000b2731ae720325f7a439bb9a549ec","1","1","328066","https://p.scdn.co/mp3-preview/600c8f3b18d7857b60d6d344a6817e2d745f3277?cid=9950ac751e34487dbbe027c4fd7f8e99","false","36","spotify:user:","2021-04-15T23:00:00Z"
"spotify:track:0Ov6o6FSQLOlllOm10ESwQ","Raven's Flight","spotify:artist:3pulcT2wt7FEG10lQlqDJL","Amon Amarth","spotify:album:0svoIboyRzqgRpvBDbJtUE","Berserker","spotify:artist:3pulcT2wt7FEG10lQlqDJL","Amon Amarth","2019-05-03","https://i.scdn.co/image/ab67616d0000b273e70aac569b94abd971112f1b","1","6","320613","https://p.scdn.co/mp3-preview/5d38698e36a8198775c19335bfa9310dd9c6b1d1?cid=9950ac751e34487dbbe027c4fd7f8e99","false","49","spotify:user:","2021-04-15T23:00:00Z"
"spotify:track:35UdpmtBtUflu9prKpYoUN","Lights Out","spotify:artist:0Exxs1Je3goNeVwT6yrfFV","Devil's Gun","spotify:album:5oVyf9DasQyUNWdfaAcbHO","Lights Out","spotify:artist:0Exxs1Je3goNeVwT6yrfFV","Devil's Gun","2018-12-07","https://i.scdn.co/image/ab67616d0000b2739a175e1926d46505062fcb49","1","1","227000","https://p.scdn.co/mp3-preview/015fce1c3639361c02b9264c1339d30557cecc90?cid=9950ac751e34487dbbe027c4fd7f8e99","false","30","spotify:user:","2021-04-15T23:00:00Z"
"spotify:track:4LlEtj8I2XUhkrXFzBBtFJ","No More Hollywood Endings","spotify:artist:7k5jeohQCF20a8foBD9ize","Battle Beast","spotify:album:7H4gPkbdQlDM7jRTRnsnyO","No More Hollywood Endings","spotify:artist:7k5jeohQCF20a8foBD9ize","Battle Beast","2019-03-22","https://i.scdn.co/image/ab67616d0000b273f0d55e973f83cbfe90dded16","1","2","234786","https://p.scdn.co/mp3-preview/b16218359428c956faeac38248df83b166abca35?cid=9950ac751e34487dbbe027c4fd7f8e99","false","56","spotify:user:","2021-04-15T23:00:00Z"
"spotify:track:57KKCoIgrgOjkFxNDnD3GW","Heart of a Lion","spotify:artist:5AD3ApIDjM31rpaAon76tg","Riot V","spotify:album:19Msv2xVE1gQCbawwgvxwc","Heart of a Lion","spotify:artist:5AD3ApIDjM31rpaAon76tg","Riot V","2018-03-16","https://i.scdn.co/image/ab67616d0000b273f639170c4b833c5eb65b04b9","1","1","232354","","false","0","spotify:user:","2021-04-15T23:00:00Z"
"spotify:track:3AZoyMf5d6CvZowm2sa5y4","I Am Alive","spotify:artist:1yfiDL3YUEJlQCgb5Pun6g","Primal Fear","spotify:album:56wjvKdJl6Z6StD13Epcn8","I Am Alive","spotify:artist:1yfiDL3YUEJlQCgb5Pun6g","Primal Fear","2020-06-19","https://i.scdn.co/image/ab67616d0000b27395eb99deccb1bc8ef5e13e5c","1","1","274826","","false","0","spotify:user:","2021-04-15T23:00:00Z"
"spotify:track:2ySsqBhctUvk8eV10zHNhv","Slave to the Machine","spotify:artist:7aetQGX0sd3swXqUIWurrE","Liv Sin","spotify:album:7CAykEzILsn3uIOGM5NRpo","Slave to the Machine","spotify:artist:7aetQGX0sd3swXqUIWurrE","Liv Sin","2019-04-26","https://i.scdn.co/image/ab67616d0000b273694f8b6bfbbbc85334fb4008","1","1","219124","","false","0","spotify:user:","2021-04-15T23:00:00Z"
"spotify:track:23o9GMdOaEZp9DH0DxsOpP","Night of the Hunter","spotify:artist:0lc8BWRWnjTL78iCV21Bo9","Astral Doors","spotify:album:0LJ3W93RKRXwAd0GZa1aac","Night of the Hunter","spotify:artist:0lc8BWRWnjTL78iCV21Bo9","Astral Doors","2019-04-12","https://i.scdn.co/image/ab67616d0000b27374bd19bd43854aedf87eedb8","1","1","282466","https://p.scdn.co/mp3-preview/3a02f8a1b8283a28dbb343da0d056504a0234d69?cid=9950ac751e34487dbbe027c4fd7f8e99","false","30","spotify:user:","2021-04-15T23:00:00Z"
"spotify:track:7cYOBYlyMYeFZfYceS918e","Livgardet","spotify:artist:3o2dn2O0FCVsWDFSh8qxgG","Sabaton","spotify:album:6hCHXXz9yhMyKRo5HJ8P0U","Livgardet","spotify:artist:3o2dn2O0FCVsWDFSh8qxgG","Sabaton","2021-02-26","https://i.scdn.co/image/ab67616d0000b2731b791f6047c0d4b3c449f0a9","1","1","275605","https://p.scdn.co/mp3-preview/c053efb185cd81dd24ceb2d9ee06036e80994e03?cid=9950ac751e34487dbbe027c4fd7f8e99","false","65","spotify:user:","2021-04-15T23:00:00Z"
"spotify:track:1fBJMIV2xSzepfbsnWtg1k","The Raven Child (feat. Hansi Kürsch & Jorn Lande)","spotify:artist:1Ih0fEQQsy9EeAJbYEeQRa, spotify:artist:1i2HdFlSkR6lQ1ZdPAaekO, spotify:artist:1hlBhTQtfsVJTgwLNpKof5","Avantasia, Hansi Kursch, Jorn Lande","spotify:album:29fWQMkU8s2PTLOtLkT8OR","The Raven Child (feat. Hansi Kürsch & Jorn Lande)","spotify:artist:1Ih0fEQQsy9EeAJbYEeQRa","Avantasia","2018-12-14","https://i.scdn.co/image/ab67616d0000b273824266800f8282729aeb69d2","1","1","674854","","false","0","spotify:user:","2021-04-15T23:00:00Z"
"spotify:track:3iKSyNDGzJ3FcjXoDKqehS","From Hell with Love","spotify:artist:0rEuaTPLMhlViNCJrg3NEH","Beast In Black","spotify:album:3aT1PLgA6MomsX7MMlNRHr","From Hell with Love","spotify:artist:0rEuaTPLMhlViNCJrg3NEH","Beast In Black","2019-02-08","https://i.scdn.co/image/ab67616d0000b2734959170cc823eeaba14d1430","1","2","235295","https://p.scdn.co/mp3-preview/c722e2b089a83fb78329c41aa436ba5be3ce8b60?cid=9950ac751e34487dbbe027c4fd7f8e99","false","56","spotify:user:","2021-04-15T23:00:00Z"
"spotify:track:0upqZcB5Dq5xeIgYWol8Z4","Fall to Ascend","spotify:artist:3oBGGy1VOs6IHOa1ZdUx2f","Sons Of Apollo","spotify:album:4mQXlEaXmCJ7o3Tlyv644R","Fall to Ascend","spotify:artist:3oBGGy1VOs6IHOa1ZdUx2f","Sons Of Apollo","2019-12-13","https://i.scdn.co/image/ab67616d0000b27336f9a19e49f6a241890b45c9","1","1","306613","https://p.scdn.co/mp3-preview/90689b16aaa5efd869cf1390ab94882c6823f523?cid=9950ac751e34487dbbe027c4fd7f8e99","false","36","spotify:user:","2021-04-15T23:00:00Z"
"spotify:track:2UVxYinhlXXOnqzZm0wabj","Headbangers Ballroom","spotify:artist:1OHNvr18TssBKYK0A75yvx","Masterplan","spotify:album:46JmnwmGe1EjFLEGIVSa7G","Aeronautics","spotify:artist:1OHNvr18TssBKYK0A75yvx","Masterplan","2005-01-24","https://i.scdn.co/image/ab67616d0000b273bf48a5262db625c416446b20","1","5","295373","","false","0","spotify:user:","2021-04-15T23:00:00Z"
"spotify:track:63JMdCqEjV2cxB2DRNLn0y","Hurt","spotify:artist:1s25YudYTrIRBOSsj917K7","One Desire","spotify:album:2N2uFYwu3oGTuDtQnTi7Lo","One Desire","spotify:artist:1s25YudYTrIRBOSsj917K7","One Desire","2017-03-24","https://i.scdn.co/image/ab67616d0000b27360bca3927cf094c8603fe034","1","1","307652","https://p.scdn.co/mp3-preview/0a3760c85f310546227fde2b705aed3df40e0e22?cid=9950ac751e34487dbbe027c4fd7f8e99","false","48","spotify:user:","2021-04-15T23:00:00Z"
"spotify:track:7j0DSyekwDBBkAesbD5bzH","Paint the Sky with Blood","spotify:artist:1pK4DWtAsZ6KSlIPwijXvG","Bodom After Midnight","spotify:album:6TMCI01byEtKKnGZHuzFUe","Paint the Sky with Blood","spotify:artist:1pK4DWtAsZ6KSlIPwijXvG","Bodom After Midnight","2021-03-30","https://i.scdn.co/image/ab67616d0000b2737527a139d084896334d34a50","1","1","266053","https://p.scdn.co/mp3-preview/b474f9fb7e77874eaaede346b6fad28114cc3f56?cid=9950ac751e34487dbbe027c4fd7f8e99","true","39","spotify:user:","2021-04-15T23:00:00Z"
"spotify:track:6XtMQPqCeAgv2gVD65LDDy","Narcosynthesis","spotify:artist:1wUArE0NhHB8M1bU2WSplY","Nevermore","spotify:album:1v1hdLXVBjFel9srMX8paD","Dead Heart In a Dead World","spotify:artist:1wUArE0NhHB8M1bU2WSplY","Nevermore","2000-07-13","https://i.scdn.co/image/ab67616d0000b27378ae18a19ac33612ff44d58b","1","1","331480","https://p.scdn.co/mp3-preview/af165a5a348a6ad82b1fb28b1d4bc9a78b713847?cid=9950ac751e34487dbbe027c4fd7f8e99","false","39","spotify:user:","2021-04-15T23:00:00Z"
"spotify:track:58KPGS8ZtjD4NH80UUkjws","Death Knell for a King","spotify:artist:1LNgvz72fQVLe7ZNIw6Ipo","Satan","spotify:album:7KdiGTiJKqcgaV9BboPdtq","Cruel Magic","spotify:artist:1LNgvz72fQVLe7ZNIw6Ipo","Satan","2018-09-07","https://i.scdn.co/image/ab67616d0000b2734d584588e70ec6ad7050cc27","1","7","233141","https://p.scdn.co/mp3-preview/1468b2ffa7680a593a96de50cc5c0f10352319ae?cid=9950ac751e34487dbbe027c4fd7f8e99","false","39","spotify:user:","2021-04-15T23:00:00Z"
"spotify:track:3T5Qp0PzqIVHw3tY1QIjyU","Dracula","spotify:artist:5kUzPpkPyNpxRYd66c8nYG","Mystic Prophecy","spotify:album:3t5R0BXdBbNJuV0xiGo5LM","Dracula","spotify:artist:5kUzPpkPyNpxRYd66c8nYG","Mystic Prophecy","2020-01-03","https://i.scdn.co/image/ab67616d0000b27349895ed0c38ab356e390432d","1","1","201959","https://p.scdn.co/mp3-preview/cf1c0ff349340487a04b44fb9a6966e1b6f30b2c?cid=9950ac751e34487dbbe027c4fd7f8e99","false","43","spotify:user:","2021-04-15T23:00:00Z"
"spotify:track:4wjQzGQhHWPnqzZwRwRxOd","Valhalleluja","spotify:artist:7jw9vF1hFRp1k8dDRNRiC5","NanowaR of Steel","spotify:album:5Kbsq1j4JLg6ICbAHezLWA","Valhalleluja","spotify:artist:7jw9vF1hFRp1k8dDRNRiC5","NanowaR of Steel","2019-12-13","https://i.scdn.co/image/ab67616d0000b27372e773186206b9bfe97ca315","1","1","349755","https://p.scdn.co/mp3-preview/85a3b9e74b4b5bcdd5685487fb8342d932dc4d1c?cid=9950ac751e34487dbbe027c4fd7f8e99","false","47","spotify:user:","2021-04-15T23:00:00Z"
"spotify:track:3QmT40QBlxr4n5AxhOSxkf","Diabolic","spotify:artist:4O6RDLeFX5xuQ7IePFzVcl","Demons & Wizards","spotify:album:0n3kyg04BzlX1kvoIh0Y2n","Diabolic","spotify:artist:4O6RDLeFX5xuQ7IePFzVcl","Demons & Wizards","2019-12-13","https://i.scdn.co/image/ab67616d0000b273eac3203b6e94d8dbae3271bc","1","1","481125","https://p.scdn.co/mp3-preview/2532f34d38ab1af9817672a0bc502a46e19d94c8?cid=9950ac751e34487dbbe027c4fd7f8e99","false","39","spotify:user:","2021-04-15T23:00:00Z"
"spotify:track:2LjT8Sjr6Xpze082hJXoJG","Ahi Kā","spotify:artist:2vov4zolAP7zbIhB5CsIPm","Alien Weaponry","spotify:album:6yXaZhqRbOpofFX40IGmdN","Ahi Kā","spotify:artist:2vov4zolAP7zbIhB5CsIPm","Alien Weaponry","2019-05-10","https://i.scdn.co/image/ab67616d0000b27395c4a749f23889d49720dc9e","1","1","226971","","false","0","spotify:user:","2021-04-15T23:00:00Z"
"spotify:track:4Htt3QaBWdLggq88rJI5MU","Inside Out","spotify:artist:5t28BP42x2axFnqOOMg3CM","Five Finger Death Punch","spotify:album:3cOYrPug7OjbO2oPNe38eE","Inside Out","spotify:artist:5t28BP42x2axFnqOOMg3CM","Five Finger Death Punch","2019-12-02","https://i.scdn.co/image/ab67616d0000b273ed5760715ac2b2ec1b64a454","1","1","226348","https://p.scdn.co/mp3-preview/cafeb1679b3e506ae5a0a23c9d01b81ea2112edd?cid=9950ac751e34487dbbe027c4fd7f8e99","true","62","spotify:user:","2021-04-15T23:00:00Z"
"spotify:track:6klJkAJAEmocnUZ4faKPpl","Heart Demolition","spotify:artist:2pH3wEn4eYlMMIIQyKPbVR","DragonForce","spotify:album:4wTUr0wtgvUdMrlQGs1Usi","Heart Demolition","spotify:artist:2pH3wEn4eYlMMIIQyKPbVR","DragonForce","2019-08-28","https://i.scdn.co/image/ab67616d0000b273d5ff0fab82d0da2d70b3dab2","1","1","339373","https://p.scdn.co/mp3-preview/2e84240982242e4c48b46a44e684298538f331da?cid=9950ac751e34487dbbe027c4fd7f8e99","false","33","spotify:user:","2021-04-15T23:00:00Z"
"spotify:track:7kn8PMqB1Cx3qnzB0Slayd","Presence of Mind","spotify:artist:5deRBvKxJssHVa9n6B7tWV","Dynazty","spotify:album:4j3AXVu1zUsav9FLHJVtxd","Presence of Mind","spotify:artist:5deRBvKxJssHVa9n6B7tWV","Dynazty","2020-01-30","https://i.scdn.co/image/ab67616d0000b273edfc625def50f1f348a843c2","1","1","255986","https://p.scdn.co/mp3-preview/7a08b4f98d840ea7abf3a674a02456ee7fb1db47?cid=9950ac751e34487dbbe027c4fd7f8e99","false","51","spotify:user:","2021-04-15T23:00:00Z"
"spotify:track:03vyanFcfUmZAwsZC5Ni1S","For No Reason","spotify:artist:0exvkfkATkqWOJgugTjJhP","Metal Church","spotify:album:6a2JPdIQjb9egT8EI492OO","For No Reason","spotify:artist:0exvkfkATkqWOJgugTjJhP","Metal Church","2020-03-17","https://i.scdn.co/image/ab67616d0000b2735f226ce1f1f04b9406569b29","1","1","284518","","false","3","spotify:user:","2021-04-15T23:00:00Z"
"spotify:track:4HA34COgxgVJ6zK88UN4Ik","Gloryhammer","spotify:artist:7dkEByOe0oHqc54qU4hwzV","Gloryhammer","spotify:album:2HJFrpR304ZxZ4CPQK1ws2","Gloryhammer","spotify:artist:7dkEByOe0oHqc54qU4hwzV","Gloryhammer","2019-04-12","https://i.scdn.co/image/ab67616d0000b2739a346530af43fac758787f3d","1","1","300320","","false","0","spotify:user:","2021-04-15T23:00:00Z"
"spotify:track:0bUgTRe5st6TMbRCEjKezX","The Last Stand","spotify:artist:3o2dn2O0FCVsWDFSh8qxgG","Sabaton","spotify:album:14OgR04PHXULz1svvsol8L","The Last Stand","spotify:artist:3o2dn2O0FCVsWDFSh8qxgG","Sabaton","2016-08-19","https://i.scdn.co/image/ab67616d0000b2730c100c40bdedea776770e7aa","1","7","235840","https://p.scdn.co/mp3-preview/642e49bb4c042f4d03e66867d7361acf7856fff9?cid=9950ac751e34487dbbe027c4fd7f8e99","false","68","spotify:user:","2021-04-15T23:00:00Z"
"spotify:track:32pOmdexX8M7me2PdINJYb","Catastrophist","spotify:artist:278ZYwGhdK6QTzE3MFePnP","Trivium","spotify:album:6JT2F5KpNWy8Lg6OJLDXGx","Catastrophist","spotify:artist:278ZYwGhdK6QTzE3MFePnP","Trivium","2020-02-27","https://i.scdn.co/image/ab67616d0000b273e38afd93deeac1ee200f6d95","1","1","388035","","false","0","spotify:user:","2021-04-15T23:00:00Z"
"spotify:track:6pgpBFtcpcFN82yFR8aKdR","Rock Your Body","spotify:artist:7M4PCSo5DDasGginrPHSDd","H.E.A.T","spotify:album:15sPcYoNcEXrAEKCz2No3M","H.E.A.T II","spotify:artist:7M4PCSo5DDasGginrPHSDd","H.E.A.T","2020-02-21","https://i.scdn.co/image/ab67616d0000b2738bbb678e793fc4ccafee66d1","1","1","243746","https://p.scdn.co/mp3-preview/6fcbf80034a9998a69f6107f9d62f1847960a072?cid=9950ac751e34487dbbe027c4fd7f8e99","false","15","spotify:user:","2021-04-15T23:00:00Z"
"spotify:track:4diHw8YPlaaKbcqATN3WBd","Crossing the Blades","spotify:artist:7954VFaZClkL503srfV5PE","Running Wild","spotify:album:4FMF6kWNYex6Poy4GA8FQ3","Crossing the Blades","spotify:artist:7954VFaZClkL503srfV5PE","Running Wild","2019-10-25","https://i.scdn.co/image/ab67616d0000b273bc998ecbcdcbdfe31de94f64","1","1","326586","https://p.scdn.co/mp3-preview/f9b0a3c6038af68bd4c96d57039dc71b5e8b67a4?cid=9950ac751e34487dbbe027c4fd7f8e99","false","36","spotify:user:","2021-04-15T23:00:00Z"
"spotify:track:6onJXFCCG302XlD7j0puR8","A Statue of the King","spotify:artist:4jpaXieuls7LVzG1uma5Rs","Avatar","spotify:album:4n3K2YQ2TYUppYdXN2xDFY","Avatar Country","spotify:artist:4jpaXieuls7LVzG1uma5Rs","Avatar","2018-01-12","https://i.scdn.co/image/ab67616d0000b273cba0961eda833203251cffaa","1","7","224589","https://p.scdn.co/mp3-preview/757aaf9d9fd9c96027dd6d951ea68547b58e20df?cid=9950ac751e34487dbbe027c4fd7f8e99","false","44","spotify:user:","2021-04-15T23:00:00Z"
"spotify:track:6tk9GCcjDX5racqg7r6M4R","Wolves in Winter","spotify:artist:4O6RDLeFX5xuQ7IePFzVcl","Demons & Wizards","spotify:album:0LTwRczEIIffADBJr0VUXU","Wolves in Winter","spotify:artist:4O6RDLeFX5xuQ7IePFzVcl","Demons & Wizards","2020-02-14","https://i.scdn.co/image/ab67616d0000b273770ea506ee677ce7d95b1a46","1","1","258227","https://p.scdn.co/mp3-preview/e84a030e6745eaf273571cd513c249009bd1d423?cid=9950ac751e34487dbbe027c4fd7f8e99","false","38","spotify:user:","2021-04-15T23:00:00Z"
"spotify:track:1xBRGN41DWx2vwNFY5CvGe","Night Witches","spotify:artist:3o2dn2O0FCVsWDFSh8qxgG","Sabaton","spotify:album:5TdhTTvwtD0ekZBYve97r7","Heroes","spotify:artist:3o2dn2O0FCVsWDFSh8qxgG","Sabaton","2014-05-16","https://i.scdn.co/image/ab67616d0000b273735eecca68d3bb03e2e35a75","1","1","181333","https://p.scdn.co/mp3-preview/53ce984ba73670c7b1218aa69af3359c4ea7c0f7?cid=9950ac751e34487dbbe027c4fd7f8e99","false","63","spotify:user:","2021-04-15T23:00:00Z"
"spotify:track:74pjm7MZkov3oHfPQLZKoR","A Perfect Day to Die","spotify:artist:71lhIVHJ24x9hEcwFSWuOf","Onslaught","spotify:album:3RotQYTtPdeQ5BLW9YlSCD","A Perfect Day to Die","spotify:artist:71lhIVHJ24x9hEcwFSWuOf","Onslaught","2019-03-08","https://i.scdn.co/image/ab67616d0000b27307cf310d8e0c50dd522e5c6b","1","1","230680","https://p.scdn.co/mp3-preview/d91de45530f4cf51b4e8652cb59b81f97b82d33a?cid=9950ac751e34487dbbe027c4fd7f8e99","false","41","spotify:user:","2021-04-15T23:00:00Z"
"spotify:track:63Y4ySlIgPwnva0Mg9EeLJ","Hounds of Justice","spotify:artist:1yfiDL3YUEJlQCgb5Pun6g","Primal Fear","spotify:album:4K3xhZe9oGPMyweUVgsvye","Hounds of Justice","spotify:artist:1yfiDL3YUEJlQCgb5Pun6g","Primal Fear","2018-05-22","https://i.scdn.co/image/ab67616d0000b27372cb761a0cc460c087175ea5","1","1","231426","https://p.scdn.co/mp3-preview/206ba41e5b30ad4036ec2d1c876659952ece6e65?cid=9950ac751e34487dbbe027c4fd7f8e99","false","34","spotify:user:","2021-04-15T23:00:00Z"
"spotify:track:2JwQ5NZzqLYyKEKJhfsItN","Demons Are A Girl's Best Friend","spotify:artist:5HFkc3t0HYETL4JeEbDB1v","Powerwolf","spotify:album:3KOXlAYb8ESt7oHM9mUK9R","Demons Are A Girl's Best Friend","spotify:artist:5HFkc3t0HYETL4JeEbDB1v","Powerwolf","2018-05-25","https://i.scdn.co/image/ab67616d0000b2736b8385ae0c9ceffa3c8e8b23","1","1","218080","","false","36","spotify:user:","2021-04-15T23:00:00Z"
"spotify:track:1CfIgWmS5LuZMinBMjxuWc","Rise Of The Dragon Empire","spotify:artist:6nf7iwR6AoROxfUKZWd1r6","Bloodbound","spotify:album:2EfhdHrbnVo4zt4RnoHOdr","Rise Of The Dragon Empire","spotify:artist:6nf7iwR6AoROxfUKZWd1r6","Bloodbound","2019-03-20","https://i.scdn.co/image/ab67616d0000b273bf613890981124f8b18b21b7","1","1","276986","https://p.scdn.co/mp3-preview/7260675e55f4f18d37d28aedb7fead15ef933aa7?cid=9950ac751e34487dbbe027c4fd7f8e99","false","13","spotify:user:","2021-04-15T23:00:00Z"
"spotify:track:5jdR14PR0vkIpEWwhcl2S2","The Circle Of Five","spotify:artist:0eNuNAhL4dW2nvKbSe2mS8","Burning Witches","spotify:album:5VJp3QUj1sZYDoSQIJ706N","The Circle Of Five","spotify:artist:0eNuNAhL4dW2nvKbSe2mS8","Burning Witches","2020-09-17","https://i.scdn.co/image/ab67616d0000b27350bafca5710fb16dff641452","1","1","325846","https://p.scdn.co/mp3-preview/cf366485073e3e2226bd7c4011e03d66cb66cc4e?cid=9950ac751e34487dbbe027c4fd7f8e99","false","34","spotify:user:","2021-04-15T23:00:00Z"
"spotify:track:4OPvE9zkbtPm5Awm5XtaB3","Shake the Baby Silent","spotify:artist:14SgKNlOCKAI0PfRD1HnWh","Lordi","spotify:album:3ntLL9A4xGVTqxj0oMPrQo","Shake the Baby Silent","spotify:artist:14SgKNlOCKAI0PfRD1HnWh","Lordi","2019-11-08","https://i.scdn.co/image/ab67616d0000b273046b9710848b8d9020774e36","1","1","216466","https://p.scdn.co/mp3-preview/4b80e49345e852c422e3ffbafbc1155bde34d5c5?cid=9950ac751e34487dbbe027c4fd7f8e99","true","41","spotify:user:","2021-04-15T23:00:00Z"
"spotify:track:4DqG8CRMKIVHQ8SonkH6eH","We Will Rise","spotify:artist:529eA6ZaD8bWorDonM2wnm","Tungsten","spotify:album:0M79v9JpirSe4epQpkL5xC","We Will Rise","spotify:artist:529eA6ZaD8bWorDonM2wnm","Tungsten","2019-06-28","https://i.scdn.co/image/ab67616d0000b273e21615e8de4d69ed47f67ed8","1","1","204750","","false","0","spotify:user:","2021-04-15T23:00:00Z"
"spotify:track:6xh1HHGZPLN0FsGg68Gm1c","Crucify Me","spotify:artist:1yfiDL3YUEJlQCgb5Pun6g","Primal Fear","spotify:album:3Y76qo9r5o9YPfwEPuJV7Y","Crucify Me","spotify:artist:1yfiDL3YUEJlQCgb5Pun6g","Primal Fear","2018-09-28","https://i.scdn.co/image/ab67616d0000b273342a04a70975e00f2a2a5827","1","1","250957","","false","0","spotify:user:","2021-04-15T23:00:00Z"
"spotify:track:1yYr4D1KjhhyDD5bZIiFQy","In Waves","spotify:artist:278ZYwGhdK6QTzE3MFePnP","Trivium","spotify:album:2p1voQHdNSdy596VRDtdji","In Waves (Special Edition)","spotify:artist:278ZYwGhdK6QTzE3MFePnP","Trivium","2011-08-03","https://i.scdn.co/image/ab67616d0000b27338ac6c23cf7800664a098579","1","2","302466","https://p.scdn.co/mp3-preview/10527723593d61eeefc8583ec2d82c9457a010e4?cid=9950ac751e34487dbbe027c4fd7f8e99","false","61","spotify:user:","2021-04-15T23:00:00Z"
"spotify:track:76CWLFHm3OFuE2P1dDMhi3","Full Circle","spotify:artist:5t28BP42x2axFnqOOMg3CM","Five Finger Death Punch","spotify:album:7vAcymF4feKxvqcUDzLQD2","F8","spotify:artist:5t28BP42x2axFnqOOMg3CM","Five Finger Death Punch","2020-02-28","https://i.scdn.co/image/ab67616d0000b27368780bf3f5a4af94f2c953c6","1","3","202249","https://p.scdn.co/mp3-preview/2635ef4fcbcee443bc6c01bdf854212079a39bc1?cid=9950ac751e34487dbbe027c4fd7f8e99","true","62","spotify:user:","2021-04-15T23:00:00Z"
"spotify:track:7uV7feIzEHk0TS1xWw4zwU","Werewolves of Armenia - Rerecorded Version","spotify:artist:5HFkc3t0HYETL4JeEbDB1v","Powerwolf","spotify:album:0pcyE5m2GWpW8CsYv0BiMk","Werewolves of Armenia (New Version 2020)","spotify:artist:5HFkc3t0HYETL4JeEbDB1v","Powerwolf","2020-03-27","https://i.scdn.co/image/ab67616d0000b273e0f97bab2313902ab9239e2b","1","1","255238","https://p.scdn.co/mp3-preview/cd3cec6cb7ee12297a6c81629002fd3da5a543fa?cid=9950ac751e34487dbbe027c4fd7f8e99","false","48","spotify:user:","2021-04-15T23:00:00Z"
"spotify:track:3OzBsTYpopjRDRwcoC0Cpw","Blood from Above","spotify:artist:6lE1ly8K8H7u8k2ej2plvv","Stryper","spotify:album:1nbTmFgmG415Yl9bZlMMII","Blood from Above","spotify:artist:6lE1ly8K8H7u8k2ej2plvv","Stryper","2020-06-26","https://i.scdn.co/image/ab67616d0000b273b02505d8c6716db5d7da00c5","1","1","201497","https://p.scdn.co/mp3-preview/1d2aceec573b6314cb47790c4e8fb0e4f6ea690c?cid=9950ac751e34487dbbe027c4fd7f8e99","false","31","spotify:user:","2021-04-15T23:00:00Z"
"spotify:track:4N1TkZjFTiQb5aKJyVvqRk","All for the Kingdom","spotify:artist:6mfghV4I1CD17FOhDKq7cJ","Grave Digger","spotify:album:7BobBJRRrGNVvRRcphMw4j","All for the Kingdom","spotify:artist:6mfghV4I1CD17FOhDKq7cJ","Grave Digger","2020-03-13","https://i.scdn.co/image/ab67616d0000b2731fbc7c8bcfaf88531f5b8a3a","1","1","250840","https://p.scdn.co/mp3-preview/a0525f5e511dab412b6899831facd957904845ba?cid=9950ac751e34487dbbe027c4fd7f8e99","false","31","spotify:user:","2021-04-15T23:00:00Z"
"spotify:track:2u2MEFiKxBrFh1bct2pvWu","The Ritual","spotify:artist:1yfiDL3YUEJlQCgb5Pun6g","Primal Fear","spotify:album:1ze7xk0eDeFBiL9wJhkiIJ","The Ritual","spotify:artist:1yfiDL3YUEJlQCgb5Pun6g","Primal Fear","2018-08-03","https://i.scdn.co/image/ab67616d0000b273d6ecbc6557d473827ab8fce8","1","1","245320","https://p.scdn.co/mp3-preview/7e6cc4303b6a07bf0338ab778354d9c24ddded97?cid=9950ac751e34487dbbe027c4fd7f8e99","false","34","spotify:user:","2021-04-15T23:00:00Z"
"spotify:track:6IHYWWmVyVXVk8b8rBYy9z","Metal Division","spotify:artist:5kUzPpkPyNpxRYd66c8nYG","Mystic Prophecy","spotify:album:0cVq9qXjU2QnlocsDrHrRr","Metal Division","spotify:artist:5kUzPpkPyNpxRYd66c8nYG","Mystic Prophecy","2019-11-22","https://i.scdn.co/image/ab67616d0000b2734ef0fdee4fb2d6e6f1d5ac32","1","1","209162","https://p.scdn.co/mp3-preview/a57e82ec4a2edfeab0ab1ad625010d090364e643?cid=9950ac751e34487dbbe027c4fd7f8e99","false","38","spotify:user:","2021-04-15T23:00:00Z"
