"Track URI";"Track Name";"Artist URI(s)";"Artist Name(s)";"Album URI";"Album Name";"Album Artist URI(s)";"Album Artist Name(s)";"Album Release Date";"Album Image URL";"Disc Number";"Track Number";"Track Duration (ms)";"Track Preview URL";"Explicit";"Popularity";"Added By";"Added At"
"spotify:track:1jzDzZWeSDBg5fhNc3tczV";"Paranoid";"spotify:artist:5M52tdBnJaKSvOpJGz8mfZ";"Black Sabbath";"spotify:album:132qAo1cDiEJdA3fv4xyNK";"Paranoid (2009 Remastered Version)";"spotify:artist:5M52tdBnJaKSvOpJGz8mfZ";"Black Sabbath";"1970-09-18";"https://i.scdn.co/image/ab67616d0000b2739683e5d7361bb80bfb00f46d";"1";"2";"168440";"https://p.scdn.co/mp3-preview/c3c74a5d2214f66307037df432d0ba2480e708fe?cid=9950ac751e34487dbbe027c4fd7f8e99";"false";"78";"spotify:user:";"2020-03-05T14:01:46Z"
"spotify:track:78lgmZwycJ3nzsdgmPPGNx";"Immigrant Song - Remaster";"spotify:artist:36QJpDe2go2KgaRleHCDTp";"Led Zeppelin";"spotify:album:6P5QHz4XtxOmS5EuiGIPut";"Led Zeppelin III (Remaster)";"spotify:artist:36QJpDe2go2KgaRleHCDTp";"Led Zeppelin";"1970";"https://i.scdn.co/image/ab67616d0000b27390a50cfe99a4c19ff3cbfbdb";"1";"1";"146250";"https://p.scdn.co/mp3-preview/8455599677a13017978dcd3f4b210937f0a16bcb?cid=9950ac751e34487dbbe027c4fd7f8e99";"false";"78";"spotify:user:";"2020-03-05T14:01:46Z"
"spotify:track:3AVZaAbDvR6rs2NN4n0aAF";"Ace of Spades";"spotify:artist:1DFr97A9HnbV3SKTJFu62M";"Motörhead";"spotify:album:0sbAKeTchIsRqECNFjPHSf";"Ace of Spades (Deluxe Edition)";"spotify:artist:1DFr97A9HnbV3SKTJFu62M";"Motörhead";"1980-11-07";"https://i.scdn.co/image/ab67616d0000b273f2fca6e64d8944d8e623ec93";"1";"1";"166706";"";"false";"0";"spotify:user:";"2020-03-05T14:01:46Z"
"spotify:track:3uMmllZo1AfoEnVT4ENCD3";"Highway Star - Remastered 2012";"spotify:artist:568ZhdwyaiCyOGJRtNYhWf";"Deep Purple";"spotify:album:32NQ56VZDTXSH3SMv4XSGN";"Machine Head (Remastered)";"spotify:artist:568ZhdwyaiCyOGJRtNYhWf";"Deep Purple";"1972-03-25";"https://i.scdn.co/image/ab67616d0000b273a729c9c3dec04b99d889c66f";"1";"1";"366136";"";"false";"68";"spotify:user:";"2020-03-05T14:01:46Z"
"spotify:track:54yLLvpezvPO1lA3GspiZj";"Holy Diver";"spotify:artist:4CYeVo5iZbtYGBN4Isc3n6";"Dio";"spotify:album:1QJmLRcuIMMjZ49elafR3K";"Holy Diver";"spotify:artist:4CYeVo5iZbtYGBN4Isc3n6";"Dio";"1983";"https://i.scdn.co/image/ab67616d0000b27315350aa1c89e23a5fa6c0de1";"1";"2";"340640";"";"false";"66";"spotify:user:";"2020-03-05T14:01:46Z"
"spotify:track:2lRhq1ZfHNiaVNHkTWeXUv";"Long Live Rock N Roll";"spotify:artist:6SLAMfhOi7UJI0fMztaK0m";"Rainbow";"spotify:album:56JX1fNOjTa7Bj7G18nxSq";"Long Live Rock N Roll (Deluxe Edition)";"spotify:artist:6SLAMfhOi7UJI0fMztaK0m";"Rainbow";"1978";"https://i.scdn.co/image/ab67616d0000b273b475f1f6fc613cb5bd90a3e8";"1";"1";"261733";"";"false";"55";"spotify:user:";"2020-03-05T14:01:46Z"
"spotify:track:6KTv0Z8BmVqM7DPxbGzpVC";"Rock And Roll All Nite";"spotify:artist:07XSN3sPlIlB2L2XNcTwJw";"KISS";"spotify:album:1YCC4oZXg2zGn7pVSKVlGF";"Dressed To Kill";"spotify:artist:07XSN3sPlIlB2L2XNcTwJw";"KISS";"1975-03-19";"https://i.scdn.co/image/ab67616d0000b27365a7b0a6969f0efcde4b5aca";"1";"10";"168840";"";"false";"76";"spotify:user:";"2020-03-05T14:01:46Z"
"spotify:track:2zYzyRzz6pRmhPzyfMEC8s";"Highway to Hell";"spotify:artist:711MCceyCBcFnzjGY4Q7Un";"AC/DC";"spotify:album:10v912xgTZbjAtYfyKWJCS";"Highway to Hell";"spotify:artist:711MCceyCBcFnzjGY4Q7Un";"AC/DC";"1979-07-27";"https://i.scdn.co/image/ab67616d0000b27351c02a77d09dfcd53c8676d0";"1";"1";"208400";"https://p.scdn.co/mp3-preview/db138a9742397601a1e5fdde727967956bdad0fb?cid=9950ac751e34487dbbe027c4fd7f8e99";"false";"83";"spotify:user:";"2020-03-05T14:01:46Z"
"spotify:track:5Z8EDau8uNcP1E8JvmfkZe";"School's Out";"spotify:artist:3EhbVgyfGd7HkpsagwL9GS";"Alice Cooper";"spotify:album:0zKjnOsXxs63unPR6TWoHq";"School's Out";"spotify:artist:3EhbVgyfGd7HkpsagwL9GS";"Alice Cooper";"1972";"https://i.scdn.co/image/ab67616d0000b273daea75027fe361bdc24c81cd";"1";"1";"210106";"https://p.scdn.co/mp3-preview/f399de2969ba2f0568fd1ec6aa8accdea1c311a9?cid=9950ac751e34487dbbe027c4fd7f8e99";"false";"68";"spotify:user:";"2020-03-05T14:01:46Z"
"spotify:track:2RaA6kIcvomt77qlIgGhCT";"Breaking the Law";"spotify:artist:2tRsMl4eGxwoNabM08Dm4I";"Judas Priest";"spotify:album:5bqtZRbUZUxUps8mrO9tGY";"British Steel";"spotify:artist:2tRsMl4eGxwoNabM08Dm4I";"Judas Priest";"1980";"https://i.scdn.co/image/ab67616d0000b273be0e5ebab8c61469b1ff9f62";"1";"3";"153840";"https://p.scdn.co/mp3-preview/2045675c3ff30411c283de17ddcf3952efd9234e?cid=9950ac751e34487dbbe027c4fd7f8e99";"false";"71";"spotify:user:";"2020-03-05T14:01:46Z"
"spotify:track:3nlGByvetDcS1uomAoiBmy";"The Number of the Beast - 2015 Remaster";"spotify:artist:6mdiAmATAx73kdxrNrnlao";"Iron Maiden";"spotify:album:5S3gls8Kjn8KVmqlIDEBbO";"The Number of the Beast (2015 Remaster)";"spotify:artist:6mdiAmATAx73kdxrNrnlao";"Iron Maiden";"1982";"https://i.scdn.co/image/ab67616d0000b2735c29a88ba5341ca428f0c322";"1";"5";"290586";"https://p.scdn.co/mp3-preview/189e207d159de7a3aa21ab0a8fc0e52364452535?cid=9950ac751e34487dbbe027c4fd7f8e99";"false";"68";"spotify:user:";"2020-03-05T14:01:46Z"
"spotify:track:05RgAMGypEvqhNs5hPCbMS";"Panama - 2015 Remaster";"spotify:artist:2cnMpRsOVqtPMfq7YiFE6K";"Van Halen";"spotify:album:3REUXdj5OPKhuDTrTtCBU0";"1984 (Remastered)";"spotify:artist:2cnMpRsOVqtPMfq7YiFE6K";"Van Halen";"1984-01-04";"https://i.scdn.co/image/ab67616d0000b273b414c63fb435b622238c15ed";"1";"3";"210226";"https://p.scdn.co/mp3-preview/53ee9027b3077e63f7814de220bfc094b044a67d?cid=9950ac751e34487dbbe027c4fd7f8e99";"false";"74";"spotify:user:";"2020-03-05T14:01:46Z"
"spotify:track:0hLQWHwB6GZlkASpS7DkdW";"No One Like You - 2015 Remaster";"spotify:artist:27T030eWyCQRmDyuvr1kxY";"Scorpions";"spotify:album:5FdpusvFzKwUmygqmgDzKG";"Blackout";"spotify:artist:27T030eWyCQRmDyuvr1kxY";"Scorpions";"1982-03-29";"https://i.scdn.co/image/ab67616d0000b273fcb46839cfb5aa9c92c7bc0f";"1";"3";"238866";"https://p.scdn.co/mp3-preview/acb7deb12e22683e7f7eda136dbf648d6be0f1cb?cid=9950ac751e34487dbbe027c4fd7f8e99";"false";"57";"spotify:user:";"2020-03-05T14:01:46Z"
"spotify:track:2W7CvGjipq3EmHqNGN7lN9";"Breaking the Chains";"spotify:artist:09hNSPPOxDop4FRdr6UEnq";"Dokken";"spotify:album:7f89NbaCH568pUcYy6mqBq";"Breaking The Chains";"spotify:artist:09hNSPPOxDop4FRdr6UEnq";"Dokken";"1983";"https://i.scdn.co/image/ab67616d0000b273744a3fdf071b8c53cf3981b4";"1";"1";"231693";"https://p.scdn.co/mp3-preview/9b4156a5160343ad17212492a0719a329383d04e?cid=9950ac751e34487dbbe027c4fd7f8e99";"false";"59";"spotify:user:";"2020-03-05T14:01:46Z"
"spotify:track:2QpP8SyXrumYR5BlcdJgTV";"Princess of the Night - 2009 Remastered Version";"spotify:artist:71vVmHeNgCVSa5SVmfvscU";"Saxon";"spotify:album:0KtDv1SIDSdJWDpjHBLJad";"Denim and Leather (2009 Remastered Version)";"spotify:artist:71vVmHeNgCVSa5SVmfvscU";"Saxon";"1981";"https://i.scdn.co/image/ab67616d0000b2730205578acfebb4c72c9e8ef7";"1";"1";"242573";"https://p.scdn.co/mp3-preview/6ba91e4075b84813d439ecef5a8e428a2d178ba8?cid=9950ac751e34487dbbe027c4fd7f8e99";"false";"51";"spotify:user:";"2020-03-05T14:01:46Z"
"spotify:track:01Q4wU19hamqnhNjtuvTyI";"Nobody's Fool";"spotify:artist:7HL4id2U7FSDJtfKQHMgQx";"Cinderella";"spotify:album:6Af1uU7Di8q9oHyXpgvrmY";"Night Songs";"spotify:artist:7HL4id2U7FSDJtfKQHMgQx";"Cinderella";"1986";"https://i.scdn.co/image/ab67616d0000b2738e591199defaa8a0fcfca286";"1";"3";"287400";"";"false";"62";"spotify:user:";"2020-03-05T14:01:46Z"
"spotify:track:3vV3cr2TpPqFk07zxYUbla";"Cum on Feel the Noize";"spotify:artist:1dLWg6m8RRhizsdqJbhyj3";"Quiet Riot";"spotify:album:3Q3rQ8FK1e9Fd9Gv9xm3CK";"Metal Health";"spotify:artist:1dLWg6m8RRhizsdqJbhyj3";"Quiet Riot";"1983";"https://i.scdn.co/image/ab67616d0000b27321fbdd09672c5f8bcfd66165";"1";"2";"290960";"https://p.scdn.co/mp3-preview/b3c2c5eb87db215a7bf0c52fd806080e2f502274?cid=9950ac751e34487dbbe027c4fd7f8e99";"false";"71";"spotify:user:";"2020-03-05T14:01:46Z"
"spotify:track:70Z9t1qhytWtG4cCmmi7mU";"I Wanna Rock";"spotify:artist:7b85ve82Sh36a3UAx74wut";"Twisted Sister";"spotify:album:0dzqapIToiOhULGvzDKpXm";"Stay Hungry";"spotify:artist:7b85ve82Sh36a3UAx74wut";"Twisted Sister";"1984-05-10";"https://i.scdn.co/image/ab67616d0000b2733469ef94acfa666fde83dec5";"1";"5";"179760";"https://p.scdn.co/mp3-preview/79a4a3dafaa7570ea888cc4dc7a9a049162986ef?cid=9950ac751e34487dbbe027c4fd7f8e99";"false";"72";"spotify:user:";"2020-03-05T14:01:46Z"
"spotify:track:1hqrYSqvNc9x3BETX1cZhk";"Shout At The Devil";"spotify:artist:0cc6vw3VN8YlIcvr1v7tBL";"Mötley Crüe";"spotify:album:2BCI4Oj05SiqooWWBqUqjT";"Shout At The Devil";"spotify:artist:0cc6vw3VN8YlIcvr1v7tBL";"Mötley Crüe";"1983";"https://i.scdn.co/image/ab67616d0000b273564f5c31c0934c883838ee77";"1";"2";"195853";"https://p.scdn.co/mp3-preview/3b2fbecc4d72d8c55fd78e7e3a847d7a08215e56?cid=9950ac751e34487dbbe027c4fd7f8e99";"false";"67";"spotify:user:";"2020-03-05T14:01:46Z"
"spotify:track:1aR6W01r094onPc4O2avEp";"Let It Go";"spotify:artist:6H1RjVyNruCmrBEWRbD0VZ";"Def Leppard";"spotify:album:2FC50FeHFVmksOYX1cymxr";"High 'N' Dry";"spotify:artist:6H1RjVyNruCmrBEWRbD0VZ";"Def Leppard";"1981-07-11";"https://i.scdn.co/image/ab67616d0000b2739b5694de012399bf6a7042ea";"1";"1";"283186";"";"false";"52";"spotify:user:";"2020-03-05T14:01:46Z"
"spotify:track:2b9lp5A6CqSzwOrBfAFhof";"Crazy Train";"spotify:artist:6ZLTlhejhndI4Rh53vYhrY";"Ozzy Osbourne";"spotify:album:6aGfK3YpRxZ1rJfaNRckLH";"Blizzard of Ozz (Expanded Edition)";"spotify:artist:6ZLTlhejhndI4Rh53vYhrY";"Ozzy Osbourne";"1980-09-20";"https://i.scdn.co/image/ab67616d0000b2735776e18c520194c48d92815b";"1";"2";"296200";"";"false";"34";"spotify:user:";"2020-03-05T14:01:46Z"
"spotify:track:2V8KvnD5LVeeDChMWEkSzC";"Nothin' But A Good Time - Remastered 2006";"spotify:artist:1fBCIkoPOPCDLUxGuWNvyo";"Poison";"spotify:album:2AMWVB3FWknjcMeb6hMZnd";"Open Up And Say...Ahh! (20th Anniversary Edition)";"spotify:artist:1fBCIkoPOPCDLUxGuWNvyo";"Poison";"1988-03-21";"https://i.scdn.co/image/ab67616d0000b273b4e4e7ee52c6fc8be77d8a33";"1";"2";"224866";"";"false";"68";"spotify:user:";"2020-03-05T14:01:46Z"
"spotify:track:3p9GbXMy1f9Efhdfj0QNBG";"I Don't Believe In Love - Remastered 2003";"spotify:artist:2OgUPVlWYgGBGMefZgGvCO";"Queensrÿche";"spotify:album:16VzTNaeadMjxI03Xi9s6n";"Operation: Mindcrime (Remastered / Expanded Edition)";"spotify:artist:2OgUPVlWYgGBGMefZgGvCO";"Queensrÿche";"1988";"https://i.scdn.co/image/ab67616d0000b27302cef687536fc65c76563557";"1";"12";"263560";"";"false";"40";"spotify:user:";"2020-03-05T14:01:46Z"
"spotify:track:6w8dBm5KlXxWejYrbGS1EJ";"I Wanna Be Somebody";"spotify:artist:3BVkDHWRvLJEyKdvhLbjsq";"W.A.S.P.";"spotify:album:25pbI5TFqt2tzGS4XSMnog";"W.A.S.P.";"spotify:artist:3BVkDHWRvLJEyKdvhLbjsq";"W.A.S.P.";"1984";"https://i.scdn.co/image/ab67616d0000b273b1aa6ce113de70498eb295da";"1";"2";"223533";"https://p.scdn.co/mp3-preview/38291f71b2b32fbf70dba67005c8398787eb6da1?cid=9950ac751e34487dbbe027c4fd7f8e99";"true";"61";"spotify:user:";"2020-03-05T14:01:46Z"
"spotify:track:28sMmBCmfHoy6NjZnovEYG";"Balls to the Wall";"spotify:artist:3JDIAtVrJdQ7GFOX26LYpv";"Accept";"spotify:album:2ogbkPbabA9E5LFXiFhDas";"Balls To The Wall";"spotify:artist:3JDIAtVrJdQ7GFOX26LYpv";"Accept";"1983";"https://i.scdn.co/image/ab67616d0000b2739672ce1224cb4a7d334cb256";"1";"1";"342600";"https://p.scdn.co/mp3-preview/f17ccce8323b75f9181adb36212204aa04c153bb?cid=9950ac751e34487dbbe027c4fd7f8e99";"false";"52";"spotify:user:";"2020-03-05T14:01:46Z"
"spotify:track:6NwbeybX6TDtXlpXvnUOZC";"Master Of Puppets";"spotify:artist:2ye2Wgw4gimLv2eAKyk1NB";"Metallica";"spotify:album:41bTjcSaiEe4G40RVVHbux";"Master Of Puppets";"spotify:artist:2ye2Wgw4gimLv2eAKyk1NB";"Metallica";"1986-03-03";"https://i.scdn.co/image/ab67616d0000b2736976009675621c80cafa1ff5";"1";"2";"516293";"";"false";"0";"spotify:user:";"2020-03-05T14:01:46Z"
"spotify:track:4YJZjINIhakR98fnz1Pvup";"Symphony Of Destruction";"spotify:artist:1Yox196W7bzVNZI7RBaPnf";"Megadeth";"spotify:album:00sgBMhbJo1lEa1hHhYtw4";"Greatest Hits: Back To The Start";"spotify:artist:1Yox196W7bzVNZI7RBaPnf";"Megadeth";"2005-01-01";"https://i.scdn.co/image/ab67616d0000b273cc6b07df8741aaf3b6779f20";"1";"9";"246733";"";"false";"47";"spotify:user:";"2020-03-05T14:01:46Z"
"spotify:track:0bVtevEgtDIeRjCJbK3Lmv";"Welcome To The Jungle";"spotify:artist:3qm84nBOXUEQ2vnTfUTTFC";"Guns N' Roses";"spotify:album:3I9Z1nDCL4E0cP62flcbI5";"Appetite For Destruction";"spotify:artist:3qm84nBOXUEQ2vnTfUTTFC";"Guns N' Roses";"1987-07-21";"https://i.scdn.co/image/ab67616d0000b27368384dd85fd5e95831252f60";"1";"1";"272026";"";"false";"78";"spotify:user:";"2020-03-05T14:01:46Z"
"spotify:track:5ZOOjqoCaUydmo8bxSdosj";"The Toxic Waltz";"spotify:artist:76S65NHJHrNy4JTrXHP2BH";"Exodus";"spotify:album:0bhhJIaAGRxXAyBSsxVRiy";"Fabulous Disaster";"spotify:artist:76S65NHJHrNy4JTrXHP2BH";"Exodus";"1989";"https://i.scdn.co/image/ab67616d0000b2732ef4d96c04c376e38d1b481b";"1";"3";"290280";"https://p.scdn.co/mp3-preview/bac14192640db690d1f113cd3377a1d8352861ae?cid=9950ac751e34487dbbe027c4fd7f8e99";"false";"54";"spotify:user:";"2020-03-05T14:01:46Z"
"spotify:track:4Yx9Tw9dTgQ8eGCq3PRDyn";"Raining Blood";"spotify:artist:1IQ2e1buppatiN1bxUVkrk";"Slayer";"spotify:album:4EKODboelaOmS0gt7hbTHN";"Reign In Blood (Expanded)";"spotify:artist:1IQ2e1buppatiN1bxUVkrk";"Slayer";"1986-01-01";"https://i.scdn.co/image/ab67616d0000b2732482a9bb1717fa223be8083f";"1";"10";"255186";"";"false";"0";"spotify:user:";"2020-03-05T14:01:46Z"
"spotify:track:5nDY2KxY4o4kiBxO1tGDGe";"Get The Funk Out";"spotify:artist:6w7j5wQ5AI5OQYlcM15s2L";"Extreme";"spotify:album:7GOk2a0toWcEMGEm8uKLyz";"Extreme II - Pornograffitti";"spotify:artist:6w7j5wQ5AI5OQYlcM15s2L";"Extreme";"1990-01-01";"https://i.scdn.co/image/ab67616d0000b2737a696225a43953945c65dcc9";"1";"4";"263760";"";"false";"48";"spotify:user:";"2020-03-05T14:01:46Z"
"spotify:track:28TcG73tbc4iGrGBFjiBnR";"Kings of Metal";"spotify:artist:4CzUzn54Cp9TQr6a7JIlMZ";"Manowar";"spotify:album:7lZkD6ntnGAhmWowltbOYB";"Kings Of Metal";"spotify:artist:4CzUzn54Cp9TQr6a7JIlMZ";"Manowar";"1988-11-01";"https://i.scdn.co/image/ab67616d0000b27365a0487dad311837ea91129e";"1";"2";"223866";"https://p.scdn.co/mp3-preview/fdc8d0eab727fccdd266bc10036d9209f0b934e1?cid=9950ac751e34487dbbe027c4fd7f8e99";"false";"58";"spotify:user:";"2020-03-05T14:01:46Z"
"spotify:track:5Ds35L9KpUDKgSxZ6whuoQ";"We Die Young";"spotify:artist:64tNsm6TnZe2zpcMVMOoHL";"Alice In Chains";"spotify:album:5LbHbwejgZXRZAgzVAjkhj";"Facelift";"spotify:artist:64tNsm6TnZe2zpcMVMOoHL";"Alice In Chains";"1990-08-01";"https://i.scdn.co/image/ab67616d0000b2731f829ea9c2c7ffcec1a3c857";"1";"1";"152560";"https://p.scdn.co/mp3-preview/be8182656d8c88199481e27d8a44c273d1727e3e?cid=9950ac751e34487dbbe027c4fd7f8e99";"false";"60";"spotify:user:";"2020-03-05T14:01:46Z"
"spotify:track:6DRvu6LgU0wRF6Yr7WHRji";"Madhouse";"spotify:artist:3JysSUOyfVs1UQ0UaESheP";"Anthrax";"spotify:album:6cxOXhhgRg5CiCCdqmHKZp";"Spreading The Disease";"spotify:artist:3JysSUOyfVs1UQ0UaESheP";"Anthrax";"1985-10";"https://i.scdn.co/image/ab67616d0000b273e9820d9824c4a3b2ffc941bd";"1";"3";"259933";"";"false";"0";"spotify:user:";"2020-03-05T14:01:46Z"
"spotify:track:3ckd4YA4LcD3j50rfIVwUe";"Head Like A Hole";"spotify:artist:0X380XXQSNBYuleKzav5UO";"Nine Inch Nails";"spotify:album:3umFHeEpc4yLXtrRcv9gLN";"Pretty Hate Machine";"spotify:artist:0X380XXQSNBYuleKzav5UO";"Nine Inch Nails";"1989-10-20";"https://i.scdn.co/image/ab67616d0000b2739764c0993e45db213f0e359f";"1";"1";"299680";"";"false";"61";"spotify:user:";"2020-03-05T14:01:46Z"
"spotify:track:49IA4BhFCOWZQ7A7wxfa4e";"Slave to the Grind";"spotify:artist:4opTS86dN9uO313J9CE8xg";"Skid Row";"spotify:album:0AiXcZbksZoX2pSe2384Z3";"Slave to the Grind";"spotify:artist:4opTS86dN9uO313J9CE8xg";"Skid Row";"1991";"https://i.scdn.co/image/ab67616d0000b2736def8b792dae19e81931de6e";"1";"2";"208666";"https://p.scdn.co/mp3-preview/398862adbdcb0bd5b53fcab089885eba3468f849?cid=9950ac751e34487dbbe027c4fd7f8e99";"false";"53";"spotify:user:";"2020-03-05T14:01:46Z"
"spotify:track:4tvBoSWeIW0bjhKNre5mod";"Thunder Kiss '65";"spotify:artist:0CF71zaDOJWCynIkW9bSK8";"White Zombie";"spotify:album:6Cvv0qNSdZNf9o0j8EohoD";"La Sexorcisto: Devil Music Volume 1";"spotify:artist:0CF71zaDOJWCynIkW9bSK8";"White Zombie";"1992-01-01";"https://i.scdn.co/image/ab67616d0000b273321b697c2c9474c0951ac58f";"1";"3";"234080";"";"false";"67";"spotify:user:";"2020-03-05T14:01:46Z"
"spotify:track:282RZOdU2idTClxJ7XIltH";"I Want Out";"spotify:artist:4pQN0GB0fNEEOfQCaWotsY";"Helloween";"spotify:album:2P0XT6TU8pntRC6qBQQ9CJ";"The Best; The Rest; The Rare (The Collection 1984-1988)";"spotify:artist:4pQN0GB0fNEEOfQCaWotsY";"Helloween";"1991";"https://i.scdn.co/image/ab67616d0000b273f45242ed0f823f84b673bb51";"1";"1";"278640";"";"false";"0";"spotify:user:";"2020-03-05T14:01:46Z"
"spotify:track:7hgtn706RqLE5q1mWe8aQx";"Snap Your Fingers; Snap Your Neck";"spotify:artist:6SER9tY2pDIDVWVf5Ql97B";"Prong";"spotify:album:1RmsgRJnBFyRMAVl1NW9pO";"Cleansing";"spotify:artist:6SER9tY2pDIDVWVf5Ql97B";"Prong";"1994";"https://i.scdn.co/image/ab67616d0000b27397682fc3fb027754c58986dc";"1";"3";"251533";"https://p.scdn.co/mp3-preview/95988e2c93fb1602caa0c4701b5bfdc6397d683d?cid=9950ac751e34487dbbe027c4fd7f8e99";"false";"55";"spotify:user:";"2020-03-05T14:01:46Z"
"spotify:track:2SgbR6ttzoNlCRGQOKjrop";"Cowboys from Hell";"spotify:artist:14pVkFUHDL207LzLHtSA18";"Pantera";"spotify:album:5szY4sBOSD6IFjFN1RtWTe";"Cowboys from Hell";"spotify:artist:14pVkFUHDL207LzLHtSA18";"Pantera";"1990-07-20";"https://i.scdn.co/image/ab67616d0000b2730ce52f4ba340a1e459e6a978";"1";"1";"243533";"https://p.scdn.co/mp3-preview/3c390eff507ec1287a1dae98e32787d652f52de5?cid=9950ac751e34487dbbe027c4fd7f8e99";"true";"71";"spotify:user:";"2020-03-05T14:01:46Z"
"spotify:track:1f3yAtsJtY87CTmM8RLnxf";"Smells Like Teen Spirit";"spotify:artist:6olE6TJLqED3rqDCT0FyPh";"Nirvana";"spotify:album:2uEf3r9i2bnxwJQsxQ0xQ7";"Nevermind (Deluxe Edition)";"spotify:artist:6olE6TJLqED3rqDCT0FyPh";"Nirvana";"1991-09-26";"https://i.scdn.co/image/ab67616d0000b27328a90d00a2819504364880e4";"1";"1";"301920";"";"false";"82";"spotify:user:";"2020-03-05T14:01:46Z"
"spotify:track:4ReyTz0y3TGkX48wO3Llot";"Epic";"spotify:artist:6GbCJZrI318Ybm8mY36Of5";"Faith No More";"spotify:album:6LEP3L94jnkqjOxYJWPRP0";"The Real Thing";"spotify:artist:6GbCJZrI318Ybm8mY36Of5";"Faith No More";"1989";"https://i.scdn.co/image/ab67616d0000b273e081ef6de656ee714788ea0d";"1";"2";"293653";"https://p.scdn.co/mp3-preview/990d2a036460850226e2058f1dc9ad063e13dc61?cid=9950ac751e34487dbbe027c4fd7f8e99";"false";"69";"spotify:user:";"2020-03-05T14:01:46Z"
"spotify:track:1erRDf98WX0VllciGPYO1H";"Arise";"spotify:artist:6JW8wliOEwaDZ231ZY7cf4";"Sepultura";"spotify:album:7hgWmH16eu70yqrg5Pc3SM";"Arise";"spotify:artist:6JW8wliOEwaDZ231ZY7cf4";"Sepultura";"1991-03-20";"https://i.scdn.co/image/ab67616d0000b2736ee5427674e1b32a79f7567a";"1";"1";"198226";"https://p.scdn.co/mp3-preview/7130ca17f2716b49f21f0ebb0cb4b44d4ef150fc?cid=9950ac751e34487dbbe027c4fd7f8e99";"false";"53";"spotify:user:";"2020-03-05T14:01:46Z"
"spotify:track:5Z7U8TRHAlX2uL2lVYv5Wa";"Vote with a Bullet";"spotify:artist:1BBIIH0h76KN8gYeXFcPjR";"Corrosion Of Conformity";"spotify:album:7kLqk3fireCdZxAZmCud3k";"Blind";"spotify:artist:1BBIIH0h76KN8gYeXFcPjR";"Corrosion Of Conformity";"1991";"https://i.scdn.co/image/ab67616d0000b2738ed7fdb3c6c3bf21bcf7a7cc";"1";"9";"205506";"https://p.scdn.co/mp3-preview/1d7aeda4ca35147dc33af23d755518692388833b?cid=9950ac751e34487dbbe027c4fd7f8e99";"false";"49";"spotify:user:";"2020-03-05T14:01:46Z"
"spotify:track:5f47hFFEpH5NyiPYvy9aMK";"Freak On a Leash";"spotify:artist:3RNrq3jvMZxD9ZyoOZbQOD";"Korn";"spotify:album:7iieqR86Ko0X70ZwLDFyzu";"Playlist: The Very Best Of Korn";"spotify:artist:3RNrq3jvMZxD9ZyoOZbQOD";"Korn";"2008";"https://i.scdn.co/image/ab67616d0000b273ef91bf7ace61cbea4d1a0aaf";"1";"9";"255466";"";"true";"0";"spotify:user:";"2020-03-05T14:01:46Z"
"spotify:track:6AioOohg4bQZFA4jIYQQ2r";"Forty Six & 2";"spotify:artist:2yEwvVSSSUkcLeSTNyHKh8";"TOOL";"spotify:album:6yWMN087PgSimbcVmHLEwG";"Ænima";"spotify:artist:2yEwvVSSSUkcLeSTNyHKh8";"TOOL";"1996-09-17";"https://i.scdn.co/image/ab67616d0000b273dce45359981d62e087a29e6f";"1";"5";"363066";"https://p.scdn.co/mp3-preview/84f5dbd7be0a6ef10b3ee76485b4c64c6a25b319?cid=9950ac751e34487dbbe027c4fd7f8e99";"false";"67";"spotify:user:";"2020-03-05T14:01:46Z"
"spotify:track:2gscB6kDOmrv1P6qs2KXE3";"Wait and Bleed";"spotify:artist:05fG473iIaoy82BF1aGhL8";"Slipknot";"spotify:album:2dL9Q5AtIv4Rw1L6lKcIUc";"Slipknot (10th Anniversary Edition)";"spotify:artist:05fG473iIaoy82BF1aGhL8";"Slipknot";"2009-09-09";"https://i.scdn.co/image/ab67616d0000b273baf04a1d30db6ac9de26da7d";"1";"4";"147840";"https://p.scdn.co/mp3-preview/7c1a811854a00fa916aee06ab0b56ef9901723a4?cid=9950ac751e34487dbbe027c4fd7f8e99";"false";"70";"spotify:user:";"2020-03-05T14:01:46Z"
"spotify:track:1158ckiB5S4cpsdYHDB9IF";"My Own Summer (Shove It)";"spotify:artist:6Ghvu1VvMGScGpOUJBAHNH";"Deftones";"spotify:album:7o4UsmV37Sg5It2Eb7vHzu";"Around the Fur";"spotify:artist:6Ghvu1VvMGScGpOUJBAHNH";"Deftones";"1997-10-27";"https://i.scdn.co/image/ab67616d0000b2730b1129853982ea17845d4eb6";"1";"1";"214760";"https://p.scdn.co/mp3-preview/8d311acfa67d329ce5eec2dbcf336c330c70533a?cid=9950ac751e34487dbbe027c4fd7f8e99";"false";"69";"spotify:user:";"2020-03-05T14:01:46Z"
"spotify:track:2aIB1CdRRG7YLBu9hNw9nR";"The Beautiful People";"spotify:artist:2VYQTNDsvvKN9wmU5W7xpj";"Marilyn Manson";"spotify:album:7APnZJwayR3lH9aUDPDYQB";"Antichrist Superstar";"spotify:artist:2VYQTNDsvvKN9wmU5W7xpj";"Marilyn Manson";"1996";"https://i.scdn.co/image/ab67616d0000b273c61d3a663bd18fe8cd97c947";"1";"2";"218826";"";"true";"73";"spotify:user:";"2020-03-05T14:01:46Z"
"spotify:track:203xxdlledLFnkqrUleD72";"You Can't Bring Me Down";"spotify:artist:3WPKDlucMsXH6FC1XaclZC";"Suicidal Tendencies";"spotify:album:414jOqUfrq3k2QlAddNXfT";"Lights...Camera...Revolution";"spotify:artist:3WPKDlucMsXH6FC1XaclZC";"Suicidal Tendencies";"1990-07-02";"https://i.scdn.co/image/ab67616d0000b273d1886d236549fdbf0309b5ab";"1";"1";"348093";"https://p.scdn.co/mp3-preview/2e6afb4e97a3e3204ae4e8081adf51cdff88a5f3?cid=9950ac751e34487dbbe027c4fd7f8e99";"true";"55";"spotify:user:";"2020-03-05T14:01:46Z"
"spotify:track:59WN2psjkt1tyaxjspN8fp";"Killing In The Name";"spotify:artist:2d0hyoQ5ynDBnkvAbJKORj";"Rage Against The Machine";"spotify:album:4Io5vWtmV1rFj4yirKb4y4";"Rage Against The Machine - XX (20th Anniversary Special Edition)";"spotify:artist:2d0hyoQ5ynDBnkvAbJKORj";"Rage Against The Machine";"1992";"https://i.scdn.co/image/ab67616d0000b2737676c7bf4e667590e496c2a3";"1";"2";"313573";"https://p.scdn.co/mp3-preview/af0c42e6dacc0b8bb43c269ea2075c3de3ee2c7a?cid=9950ac751e34487dbbe027c4fd7f8e99";"true";"79";"spotify:user:";"2020-03-05T14:01:46Z"
"spotify:track:2DlHlPMa4M17kufBvI2lEN";"Chop Suey!";"spotify:artist:5eAWCfyUhZtHHtBdNk56l1";"System Of A Down";"spotify:album:6jWde94ln40epKIQCd8XUh";"Toxicity";"spotify:artist:5eAWCfyUhZtHHtBdNk56l1";"System Of A Down";"2001-09-04";"https://i.scdn.co/image/ab67616d0000b27330d45198d0c9e8841f9a9578";"1";"6";"210240";"https://p.scdn.co/mp3-preview/cd2a1f9fd7619bdae4e2e718b11d5bb054a3d677?cid=9950ac751e34487dbbe027c4fd7f8e99";"false";"80";"spotify:user:";"2020-03-05T14:01:46Z"
"spotify:track:60a0Rd6pjrkxjPbaKzXjfq";"In the End";"spotify:artist:6XyY86QOPPrYVGvF9ch6wz";"Linkin Park";"spotify:album:6hPkbAV3ZXpGZBGUvL6jVM";"Hybrid Theory (Bonus Edition)";"spotify:artist:6XyY86QOPPrYVGvF9ch6wz";"Linkin Park";"2000-10-24";"https://i.scdn.co/image/ab67616d0000b273e2f039481babe23658fc719a";"1";"8";"216880";"https://p.scdn.co/mp3-preview/6ce8bcf317e8c562f348ea22c846846b5b70e8d9?cid=9950ac751e34487dbbe027c4fd7f8e99";"false";"84";"spotify:user:";"2020-03-05T14:01:46Z"
"spotify:track:5anCkDvJ17aznvK5TED5uo";"Hail to the King";"spotify:artist:0nmQIMXWTXfhgOBdNzhGOs";"Avenged Sevenfold";"spotify:album:0ks45m1bsP2JsZpM5D2FFA";"Hail to the King";"spotify:artist:0nmQIMXWTXfhgOBdNzhGOs";"Avenged Sevenfold";"2013-08-23";"https://i.scdn.co/image/ab67616d0000b2730ea1ecb2d5271c2db402b0c2";"1";"2";"305906";"https://p.scdn.co/mp3-preview/98789a401a319f3d9cbae41c6c89630154c0998c?cid=9950ac751e34487dbbe027c4fd7f8e99";"false";"76";"spotify:user:";"2020-03-05T14:01:46Z"
"spotify:track:4ImIJRZNJhNQLLdUFSYJoS";"Down with the Sickness";"spotify:artist:3TOqt5oJwL9BE2NG9MEwDa";"Disturbed";"spotify:album:07w0hGS9XUdFsPBvDHy16y";"The Sickness (10th Anniversary Edition)";"spotify:artist:3TOqt5oJwL9BE2NG9MEwDa";"Disturbed";"2010-03-12";"https://i.scdn.co/image/ab67616d0000b27394a42e7b21b0fab4f4773db2";"1";"4";"278706";"https://p.scdn.co/mp3-preview/a2544551458385f94abd6255b70e104183d301ec?cid=9950ac751e34487dbbe027c4fd7f8e99";"true";"68";"spotify:user:";"2020-03-05T14:01:46Z"
"spotify:track:710B9xFjNOisQtKtppZE9p";"Black No. 1 (Little Miss Scare -All)";"spotify:artist:0blJzvevdXrp21YeI2vbco";"Type O Negative";"spotify:album:22PP61GmfGKAhIQo2ZSRxG";"Bloody Kisses (Top Shelf Edition)";"spotify:artist:0blJzvevdXrp21YeI2vbco";"Type O Negative";"1993";"https://i.scdn.co/image/ab67616d0000b273bf9eaa56ca46fd6d2b3800d1";"1";"3";"675653";"https://p.scdn.co/mp3-preview/4423468936eb9adb4d5d20e4895a5ec0e98f977d?cid=9950ac751e34487dbbe027c4fd7f8e99";"true";"56";"spotify:user:";"2020-03-05T14:01:46Z"
"spotify:track:5YeQoMo5py82YmqXMTjM5S";"Replica";"spotify:artist:74Hj7BmnUXyx2udrIEIKwX";"Fear Factory";"spotify:album:6GPHWrMQG5Ns8O3aQKMro2";"Demanufacture [Special Edition]";"spotify:artist:74Hj7BmnUXyx2udrIEIKwX";"Fear Factory";"1995";"https://i.scdn.co/image/ab67616d0000b2739f588bbc502030c9dbfc7b1b";"1";"4";"237360";"https://p.scdn.co/mp3-preview/716c66d737ca1c52dfa352ec47d15d825db4c063?cid=9950ac751e34487dbbe027c4fd7f8e99";"false";"54";"spotify:user:";"2020-03-05T14:01:46Z"
"spotify:track:3xktQXIr1OD3ENc19viwDP";"Bodies";"spotify:artist:1E4r4z7ivGUcSAnCbINJ9v";"Drowning Pool";"spotify:album:4WUZJZ6kam5iHdfhQIVuAr";"Sinner";"spotify:artist:1E4r4z7ivGUcSAnCbINJ9v";"Drowning Pool";"2001-01-01";"https://i.scdn.co/image/ab67616d0000b273bf94b6ba3ff0bfbace440d2d";"1";"2";"201960";"";"false";"0";"spotify:user:";"2020-03-05T14:01:46Z"
"spotify:track:3eI2C0gohXlg4AsavdYSiz";"Punishment";"spotify:artist:3nhxXtHwC2TookQyqQlFK1";"Biohazard";"spotify:album:4ZtfEq2ES0vRMUY5shqDws";"Urban Discipline";"spotify:artist:3nhxXtHwC2TookQyqQlFK1";"Biohazard";"1992";"https://i.scdn.co/image/ab67616d0000b27369ea37238ccefe6b923e4273";"1";"2";"284066";"https://p.scdn.co/mp3-preview/225e49829cfe7dd942e5fd5628abf117b81172b6?cid=9950ac751e34487dbbe027c4fd7f8e99";"false";"48";"spotify:user:";"2020-03-05T14:01:46Z"
"spotify:track:0Vcpo9El50PNNbZXfKbNti";"Just One Fix";"spotify:artist:1DXylZlWbVvlckNqwvjTEt";"Ministry";"spotify:album:2wz3P1w89gQd3iXdmF1IA5";"KE*A*H** (Psalm 69)";"spotify:artist:1DXylZlWbVvlckNqwvjTEt";"Ministry";"1992-07-10";"https://i.scdn.co/image/ab67616d0000b27390edd2885a4865e0a4bf6f3c";"1";"2";"310293";"https://p.scdn.co/mp3-preview/4563a09aa2d928eb203db6845036b3cfa49cb025?cid=9950ac751e34487dbbe027c4fd7f8e99";"false";"51";"spotify:user:";"2020-03-05T14:01:46Z"
"spotify:track:6nxHMqTNKWlQnx5AFxz1iX";"Green Machine";"spotify:artist:3HCpwNmFp2rvjkdjTs4uxs";"Kyuss";"spotify:album:7wXj8GxTkGAUU99DXR7n2f";"Blues For The Red Sun";"spotify:artist:3HCpwNmFp2rvjkdjTs4uxs";"Kyuss";"1992-01-01";"https://i.scdn.co/image/ab67616d0000b2738f7519cd69450a1f8b6a4fa3";"1";"2";"217906";"https://p.scdn.co/mp3-preview/f9bd63b59827eb86456fb28fcb9b87fe3c38ba49?cid=9950ac751e34487dbbe027c4fd7f8e99";"false";"55";"spotify:user:";"2020-03-05T14:01:46Z"
"spotify:track:5cZqsjVs6MevCnAkasbEOX";"Break Stuff";"spotify:artist:165ZgPlLkK7bf5bDoFc6Sb";"Limp Bizkit";"spotify:album:3HCCUaRSjHSFOe4fqE0BiP";"Significant Other";"spotify:artist:165ZgPlLkK7bf5bDoFc6Sb";"Limp Bizkit";"1999";"https://i.scdn.co/image/ab67616d0000b2733783782de74f61e36795bf9c";"1";"4";"166706";"";"true";"74";"spotify:user:";"2020-03-05T14:01:46Z"
"spotify:track:3qHlBxD3acw5nrl7Padt0v";"Davidian";"spotify:artist:0lVlNsuGaOr9vMHCZIAKMt";"Machine Head";"spotify:album:4S4WHsBRNEIha796lnU8NJ";"Burn My Eyes";"spotify:artist:0lVlNsuGaOr9vMHCZIAKMt";"Machine Head";"1994-08-08";"https://i.scdn.co/image/ab67616d0000b2737eefd1a87710bf84a7688a2c";"1";"1";"296626";"https://p.scdn.co/mp3-preview/b2f0ce9bda90cf6756ab69eddc6fcd599c0ca816?cid=9950ac751e34487dbbe027c4fd7f8e99";"false";"58";"spotify:user:";"2020-03-05T14:01:46Z"
"spotify:track:1QixTwDZCcfBzA7QMyont0";"Halo";"spotify:artist:4PoYwGOztIrPpBfRIlMSxP";"Soil";"spotify:album:2XLiRCMRy5WuuF373tKBZ8";"Scars (Expanded Edition)";"spotify:artist:4PoYwGOztIrPpBfRIlMSxP";"Soil";"2011-10-07";"https://i.scdn.co/image/ab67616d0000b273261b7d9405d6ea16a4ce6757";"1";"2";"195653";"https://p.scdn.co/mp3-preview/f0993cee607f769bfff81f038e4a0b6ec2f07b47?cid=9950ac751e34487dbbe027c4fd7f8e99";"false";"58";"spotify:user:";"2020-03-05T14:01:46Z"
"spotify:track:3iWlbqAaoIR7H7gyO3a6rV";"Tears Don't Fall";"spotify:artist:7iWiAD5LLKyiox2grgfmUT";"Bullet For My Valentine";"spotify:album:4uNzDULQ9RAy0nxGaPbCDn";"The Poison (Deluxe Version)";"spotify:artist:7iWiAD5LLKyiox2grgfmUT";"Bullet For My Valentine";"2007-06-12";"https://i.scdn.co/image/ab67616d0000b273481f5ef250628e52afce20a7";"1";"4";"348386";"https://p.scdn.co/mp3-preview/33328221bdb4b558539e5a26aa12798f963a4b4a?cid=9950ac751e34487dbbe027c4fd7f8e99";"true";"57";"spotify:user:";"2020-03-05T14:01:46Z"
"spotify:track:6pGJTJaExyKwwXBmcoyVlY";"I Stand Alone";"spotify:artist:6gZq1Q6bdOxsUPUG1TaFbF";"Godsmack";"spotify:album:3qnaTclII8HWsufyuYoN1r";"Good Times; Bad Times - Ten Years of Godsmack";"spotify:artist:6gZq1Q6bdOxsUPUG1TaFbF";"Godsmack";"2007-01-01";"https://i.scdn.co/image/ab67616d0000b273c976fe31911e3cf53caa010e";"1";"8";"243840";"";"false";"0";"spotify:user:";"2020-03-05T14:01:46Z"
"spotify:track:1UWGkn34CD31VQfdi4D8Zp";"Bad Company";"spotify:artist:5t28BP42x2axFnqOOMg3CM";"Five Finger Death Punch";"spotify:album:6UVYgnSnY4ytapGgBY4BzZ";"War is the Answer";"spotify:artist:5t28BP42x2axFnqOOMg3CM";"Five Finger Death Punch";"2009-09-22";"https://i.scdn.co/image/ab67616d0000b273021dd6fc31a42ac4e4ab778c";"1";"12";"262440";"https://p.scdn.co/mp3-preview/c5f003381fb9810398a39b8146632fd98f24b41a?cid=9950ac751e34487dbbe027c4fd7f8e99";"true";"65";"spotify:user:";"2020-03-05T14:01:46Z"
"spotify:track:6zKF4293k44ItKWJJgrhXv";"My Curse";"spotify:artist:37394IP6uhnjIpsawpMu4l";"Killswitch Engage";"spotify:album:6iJEtgHTEbVlSS5isIS71z";"As Daylight Dies (Special Edition)";"spotify:artist:37394IP6uhnjIpsawpMu4l";"Killswitch Engage";"2006-01-21";"https://i.scdn.co/image/ab67616d0000b273cc5bb1a3f809896baf67dba4";"1";"5";"244773";"https://p.scdn.co/mp3-preview/591da0da6fe74da8c2b774dd2670e94b1361d5da?cid=9950ac751e34487dbbe027c4fd7f8e99";"false";"69";"spotify:user:";"2020-03-05T14:01:46Z"
"spotify:track:6Q5j7UxkHMETQrn1ZCuoCE";"Redneck";"spotify:artist:3JFsVIxOn7STeilPICkkB2";"Lamb of God";"spotify:album:1AavVaydRatsuotKaPKpPP";"Sacrament";"spotify:artist:3JFsVIxOn7STeilPICkkB2";"Lamb of God";"2006";"https://i.scdn.co/image/ab67616d0000b273e3c2dcfcd51b1c643f419cdf";"1";"3";"220880";"";"true";"0";"spotify:user:";"2020-03-05T14:01:46Z"
"spotify:track:4B5hrpQjHTLfGMcTgpatUs";"In Waves";"spotify:artist:278ZYwGhdK6QTzE3MFePnP";"Trivium";"spotify:album:5NDxdsUG2cpD3jJRqHbgic";"In Waves";"spotify:artist:278ZYwGhdK6QTzE3MFePnP";"Trivium";"2011-06-10";"https://i.scdn.co/image/ab67616d0000b2735026285ed2b38f57e47b3a71";"1";"1";"302466";"https://p.scdn.co/mp3-preview/56645b9d024c746d92450abdfe51f05d2dd1ae80?cid=9950ac751e34487dbbe027c4fd7f8e99";"false";"34";"spotify:user:";"2020-03-05T14:01:46Z"
"spotify:track:45MRfezmIteGUPwQYPB5eC";"Through Oblivion";"spotify:artist:57ylwQTnFnIhJh4nu4rxCs";"In Flames";"spotify:album:7mLmrfmcZjxPuVXUB0OQt1";"Through Oblivion";"spotify:artist:57ylwQTnFnIhJh4nu4rxCs";"In Flames";"2014-08-22";"https://i.scdn.co/image/ab67616d0000b2735917ed41e9c8a4e65f96fcad";"1";"1";"218306";"https://p.scdn.co/mp3-preview/6d8cc79cff71560ad844eba5ff372bbaf99183a5?cid=9950ac751e34487dbbe027c4fd7f8e99";"false";"16";"spotify:user:";"2020-03-05T14:01:46Z"
"spotify:track:5awDvzxWfd53SSrsRZ8pXO";"Du hast";"spotify:artist:6wWVKhxIU2cEi0K81v7HvP";"Rammstein";"spotify:album:2w6Vy8qZLU4niyQAHyu0Ag";"Sehnsucht";"spotify:artist:6wWVKhxIU2cEi0K81v7HvP";"Rammstein";"1997-08-25";"https://i.scdn.co/image/ab67616d0000b273a715d32590424cd667879ba3";"1";"5";"234226";"";"false";"73";"spotify:user:";"2020-03-05T14:01:46Z"
"spotify:track:1RNwniZkJqdw9LMkkyynjx";"Nemo";"spotify:artist:2NPduAUeLVsfIauhRwuft1";"Nightwish";"spotify:album:2wM6svkNOCsYP8sr9gP2zc";"Once";"spotify:artist:2NPduAUeLVsfIauhRwuft1";"Nightwish";"2004-06-07";"https://i.scdn.co/image/ab67616d0000b273c7190a75bf05ad902f52c7a2";"1";"3";"276200";"https://p.scdn.co/mp3-preview/3e18048798e8d2c9bd6b9c6f9220b40cc8b70f8b?cid=9950ac751e34487dbbe027c4fd7f8e99";"false";"49";"spotify:user:";"2020-03-05T14:01:46Z"
"spotify:track:3jagGO7eHHuaD53ibehkux";"Blood and Thunder";"spotify:artist:1Dvfqq39HxvCJ3GvfeIFuT";"Mastodon";"spotify:album:6khFoLWnJZDQvZ7Pijym3b";"Leviathan";"spotify:artist:1Dvfqq39HxvCJ3GvfeIFuT";"Mastodon";"2004-08-31";"https://i.scdn.co/image/ab67616d0000b27300388d66c87c2c0033849bfd";"1";"1";"228586";"https://p.scdn.co/mp3-preview/214f41a401c263439f5e715b2875940fef45f7b1?cid=9950ac751e34487dbbe027c4fd7f8e99";"false";"62";"spotify:user:";"2020-03-05T14:01:46Z"
"spotify:track:4KdCtL3tO5osDoxtZR1aqg";"Biggest & The Best - Remastered version";"spotify:artist:1xE3snzm12GBK259IqEFlY";"Clawfinger";"spotify:album:5EA1276qleBpN5O80kM0mT";"Clawfinger (Remastered version)";"spotify:artist:1xE3snzm12GBK259IqEFlY";"Clawfinger";"1997-01-01";"https://i.scdn.co/image/ab67616d0000b27347e014fd0fb8799249d42902";"1";"3";"231720";"";"true";"47";"spotify:user:";"2020-03-05T14:01:46Z"
"spotify:track:1vDJE9fE7FB8proknu3u8E";"Hunting High And Low";"spotify:artist:1O8CSXsPwEqxcoBE360PPO";"Stratovarius";"spotify:album:7LiSs7UGdx7JVhBC2HCFmF";"Infinite";"spotify:artist:1O8CSXsPwEqxcoBE360PPO";"Stratovarius";"1999";"https://i.scdn.co/image/ab67616d0000b27318204eab21fa6f46bd653e08";"1";"1";"248866";"https://p.scdn.co/mp3-preview/99e9e8da4100449f74a0bb98384eb97a9f520968?cid=9950ac751e34487dbbe027c4fd7f8e99";"false";"53";"spotify:user:";"2020-03-05T14:01:46Z"
"spotify:track:096zZBLxoPwbVkxhucONMX";"New Millennium Cyanide Christ";"spotify:artist:3ggwAqZD3lyT2sbovlmfQY";"Meshuggah";"spotify:album:6yjmXJiWttfQJuD7HyZaU9";"Chaosphere";"spotify:artist:3ggwAqZD3lyT2sbovlmfQY";"Meshuggah";"1998-11-09";"https://i.scdn.co/image/ab67616d0000b273cbeb6e18228403b3fda122b6";"1";"2";"335666";"https://p.scdn.co/mp3-preview/c9881cfe79ee97d7fa3cb0c2df63009df7e25131?cid=9950ac751e34487dbbe027c4fd7f8e99";"false";"49";"spotify:user:";"2020-03-05T14:01:46Z"
"spotify:track:27ZuGlwpjafRzKOquXVNP8";"Embers Fire";"spotify:artist:0gIo6kGl4KsCeIbqtZVHYp";"Paradise Lost";"spotify:album:3MYbbnq4ITUSbhKCwxwcZa";"Icon";"spotify:artist:0gIo6kGl4KsCeIbqtZVHYp";"Paradise Lost";"1993-01-01";"https://i.scdn.co/image/ab67616d0000b273e9349e6a309a0a66d709ae71";"1";"1";"284360";"https://p.scdn.co/mp3-preview/0f828d44fe3b420457537fe79c7de2b7d5c386ea?cid=9950ac751e34487dbbe027c4fd7f8e99";"false";"38";"spotify:user:";"2020-03-05T14:01:46Z"
"spotify:track:6SJ2LK3yMdGzC4AEcXJZo4";"Flying Whales";"spotify:artist:0GDGKpJFhVpcjIGF8N6Ewt";"Gojira";"spotify:album:48oP5ver3MEQ68DvJ22CvY";"From Mars to Sirius";"spotify:artist:0GDGKpJFhVpcjIGF8N6Ewt";"Gojira";"2005-09-07";"https://i.scdn.co/image/ab67616d0000b27325cb68126955c4d8d8c95dec";"1";"7";"464453";"https://p.scdn.co/mp3-preview/abc838fdc0c3f8f3d70e2ffb5f57a2ecae6af8dd?cid=9950ac751e34487dbbe027c4fd7f8e99";"false";"37";"spotify:user:";"2020-03-05T14:01:46Z"
"spotify:track:6cgN2vyuaNpep38VQ0TIN5";"Cirice";"spotify:artist:1Qp56T7n950O3EGMsSl81D";"Ghost";"spotify:album:1bXZgkeQPmgQuFbpyPvU64";"Meliora";"spotify:artist:1Qp56T7n950O3EGMsSl81D";"Ghost";"2015-08-21";"https://i.scdn.co/image/ab67616d0000b273e12c586f7bf4879778219190";"1";"3";"362098";"";"false";"46";"spotify:user:";"2020-03-05T14:01:46Z"
"spotify:track:12dbm3GD7mGrySotwE6dm5";"To Hell and Back";"spotify:artist:3o2dn2O0FCVsWDFSh8qxgG";"Sabaton";"spotify:album:1pb4p8R36HbFNezTq7o2eG";"Heroes";"spotify:artist:3o2dn2O0FCVsWDFSh8qxgG";"Sabaton";"2014-05-12";"https://i.scdn.co/image/ab67616d0000b2738e1dea1eeb5af6060fa9b985";"1";"5";"206546";"";"false";"0";"spotify:user:";"2020-03-05T14:01:46Z"
"spotify:track:4G8EhnfKvBQVlOJ4xXCHpQ";"Wild Eyes";"spotify:artist:159qqlGwzE04xyqpfAwRLo";"Parkway Drive";"spotify:album:0bdtf7LHukCZbCyKMYdHXP";"Atlas";"spotify:artist:159qqlGwzE04xyqpfAwRLo";"Parkway Drive";"2012-10-30";"https://i.scdn.co/image/ab67616d0000b273356c88f4aacba39173266b8e";"1";"4";"258586";"https://p.scdn.co/mp3-preview/e63650da75adb6ad249925a2b6314c451e27fd39?cid=9950ac751e34487dbbe027c4fd7f8e99";"false";"59";"spotify:user:";"2020-03-05T14:01:46Z"
"spotify:track:6aY8pSRwrJ9IjPAzr0dd0S";"Alma Mater";"spotify:artist:17bYSQ9ZRnreVnJjE5X2x6";"Moonspell";"spotify:album:1GnMnYl0I8CqgNSSODjwP7";"Wolfheart";"spotify:artist:17bYSQ9ZRnreVnJjE5X2x6";"Moonspell";"1995";"https://i.scdn.co/image/ab67616d0000b273b01cdea274dd654d0aabb17b";"1";"8";"337306";"https://p.scdn.co/mp3-preview/c86da77a98741a8a88e70248eba030878af7c7bc?cid=9950ac751e34487dbbe027c4fd7f8e99";"false";"45";"spotify:user:";"2020-03-05T14:01:46Z"
"spotify:track:5UCZhWiEj8q5jid3zu8JKw";"Detox";"spotify:artist:457qPvtiBTIl6LR4dZiKZy";"Strapping Young Lad";"spotify:album:78Y2OaDAdvEqs3TRdCRdZc";"City";"spotify:artist:457qPvtiBTIl6LR4dZiKZy";"Strapping Young Lad";"1997-07-13";"https://i.scdn.co/image/ab67616d0000b2739e210b76b09fd006a43e02b4";"1";"4";"337000";"https://p.scdn.co/mp3-preview/c40920e0b307246a38728dbd5ba463ce46b03268?cid=9950ac751e34487dbbe027c4fd7f8e99";"false";"42";"spotify:user:";"2020-03-05T14:01:46Z"
"spotify:track:5QDDmrz819WmzBeQHZNhor";"A Match Made In Heaven";"spotify:artist:3ZztVuWxHzNpl0THurTFCv";"Architects";"spotify:album:2NJMu78M8xVy2NAxicD1so";"All Our Gods Have Abandoned Us";"spotify:artist:3ZztVuWxHzNpl0THurTFCv";"Architects";"2016-05-27";"https://i.scdn.co/image/ab67616d0000b27374bf4548c7a108369d2f622a";"1";"7";"228017";"https://p.scdn.co/mp3-preview/496eb7d4070ff7b46c6179b2239675c5397aa080?cid=9950ac751e34487dbbe027c4fd7f8e99";"true";"54";"spotify:user:";"2020-03-05T14:01:46Z"
"spotify:track:4Ku3OOZWR4tpKNCVFXILY8";"You Only Live Once";"spotify:artist:6HZr7Fs2VfV1PYHIwo8Ylc";"Suicide Silence";"spotify:album:3oJKuFPVZTSeNc8G4UYV4L";"The Black Crown";"spotify:artist:6HZr7Fs2VfV1PYHIwo8Ylc";"Suicide Silence";"2012-06-19";"https://i.scdn.co/image/ab67616d0000b2733e2002260cc070a7183a1c7f";"1";"4";"192560";"https://p.scdn.co/mp3-preview/b923c0b11acb14295d3059ff5522783ac04bfb80?cid=9950ac751e34487dbbe027c4fd7f8e99";"false";"59";"spotify:user:";"2020-03-05T14:01:46Z"
"spotify:track:5F6ZrWLngDICyjazxM1gNq";"Slowly We Rot";"spotify:artist:0SbGI4sb8dAKFZnK7RFyhz";"Obituary";"spotify:album:7H5MWoD8M6dEQoSj3SMHP7";"Slowly We Rot (Reissue)";"spotify:artist:0SbGI4sb8dAKFZnK7RFyhz";"Obituary";"1989";"https://i.scdn.co/image/ab67616d0000b27399e61598a6199d86aa0b8eac";"1";"4";"218426";"https://p.scdn.co/mp3-preview/92da392a2396e48a3eab2b276a668f9093354c31?cid=9950ac751e34487dbbe027c4fd7f8e99";"false";"45";"spotify:user:";"2020-03-05T14:01:46Z"
"spotify:track:3pWvRhml43vlUrGYlIzLM6";"We Drink Your Blood";"spotify:artist:5HFkc3t0HYETL4JeEbDB1v";"Powerwolf";"spotify:album:1MSxQKpaZ2nPubMVQi9V3N";"Blood of the Saints";"spotify:artist:5HFkc3t0HYETL4JeEbDB1v";"Powerwolf";"2011-08-02";"https://i.scdn.co/image/ab67616d0000b27346c550081a2f5674e2cf608d";"1";"3";"222560";"https://p.scdn.co/mp3-preview/70d6dc58de975943ac64fdb97c7f6d13b4889669?cid=9950ac751e34487dbbe027c4fd7f8e99";"false";"62";"spotify:user:";"2020-03-05T14:01:46Z"
"spotify:track:3BCZlaIyBqd9Ltajab2Jwx";"Solitude";"spotify:artist:7zDtfSB0AOZWhpuAHZIOw5";"Candlemass";"spotify:album:3BHQVxQ9W2uqQM4zMf9CGo";"Epicus Doomicus Metallicus (2007 Bonus Edition)";"spotify:artist:7zDtfSB0AOZWhpuAHZIOw5";"Candlemass";"2007-10-15";"https://i.scdn.co/image/ab67616d0000b2736af5484f436c88f84106d39c";"1";"1";"337773";"";"false";"0";"spotify:user:";"2020-03-05T14:01:46Z"
"spotify:track:4Lxn1JlGJwmmXpODrNvPA6";"I Will Be Heard";"spotify:artist:17Mb968quDHpjCkIyq30QV";"Hatebreed";"spotify:album:2UPZ06izR1OtTX80U30AfG";"Perseverance";"spotify:artist:17Mb968quDHpjCkIyq30QV";"Hatebreed";"2002-01-01";"https://i.scdn.co/image/ab67616d0000b2731fc03aef73bf684df6e62680";"1";"4";"178666";"";"false";"55";"spotify:user:";"2020-03-05T14:01:46Z"
"spotify:track:4lBOXmdnlsWswkg4oBHlqb";"Whatever That Hurts";"spotify:artist:5SwHKKNKYToC1YzWVNWAIN";"Tiamat";"spotify:album:6gJE0frKg5ff9RiDiqEgXK";"Wildhoney";"spotify:artist:5SwHKKNKYToC1YzWVNWAIN";"Tiamat";"1994-08-26";"https://i.scdn.co/image/ab67616d0000b2731fcc53394d608a613e226cc5";"1";"2";"348200";"";"true";"0";"spotify:user:";"2020-03-05T14:01:46Z"
"spotify:track:5CPXR6lDTvngxtmMZxnWmC";"Pull Me Under";"spotify:artist:2aaLAng2L2aWD2FClzwiep";"Dream Theater";"spotify:album:2QgGoL5VSQhPHudTObS7zK";"Images and Words";"spotify:artist:2aaLAng2L2aWD2FClzwiep";"Dream Theater";"1992-06-30";"https://i.scdn.co/image/ab67616d0000b273f4d11b78efa76496f2acd618";"1";"1";"493933";"https://p.scdn.co/mp3-preview/4a65db5279bd31980b5986b9f9deef31f80009a8?cid=9950ac751e34487dbbe027c4fd7f8e99";"false";"62";"spotify:user:";"2020-03-05T14:01:46Z"
"spotify:track:118y6uwQUrxrhKnVJEAmNC";"Black Metal";"spotify:artist:5fwaejlOHVBAw1KhIPPaQe";"Venom";"spotify:album:3USUYWiLEX5HLXF9VXo1MY";"Black Metal";"spotify:artist:5fwaejlOHVBAw1KhIPPaQe";"Venom";"1982";"https://i.scdn.co/image/ab67616d0000b2737d44e14d3eabe848af2a9643";"1";"1";"221693";"";"false";"0";"spotify:user:";"2020-03-05T14:01:46Z"
"spotify:track:64syMK7oo9VPihJBj1IBGH";"Scum";"spotify:artist:3UqRgrDIQ208yNGiWKRMNt";"Napalm Death";"spotify:album:51wqCUWehVrNj2Ltc83zJu";"Scum";"spotify:artist:3UqRgrDIQ208yNGiWKRMNt";"Napalm Death";"1987";"https://i.scdn.co/image/ab67616d0000b2734c16b131533c69af1f8c7503";"1";"4";"158200";"https://p.scdn.co/mp3-preview/09362a11deabe572705d9b3f7a444f0ae24986e5?cid=9950ac751e34487dbbe027c4fd7f8e99";"false";"41";"spotify:user:";"2020-03-05T14:01:46Z"
"spotify:track:6iFljFRUR5Co2EX4GIcGTB";"A Fine Day To Die";"spotify:artist:6rBvjnvdsRxFRSrq1StGOM";"Bathory";"spotify:album:1ZN0dVt3JGTUJZ5TydY1E8";"Blood Fire Death";"spotify:artist:6rBvjnvdsRxFRSrq1StGOM";"Bathory";"1988-01-01";"https://i.scdn.co/image/ab67616d0000b273aa96ba1da0113f69626c8e72";"1";"2";"516266";"";"false";"0";"spotify:user:";"2020-03-05T14:01:46Z"
"spotify:track:5y27AyPlRI5GS8OrcD3dGz";"Freezing Moon";"spotify:artist:0dR10i73opHXuRuLbgxltM";"Mayhem";"spotify:album:4AkjhNjVvEYXoHeP2ZczlG";"De Mysteriis Dom Sathanas";"spotify:artist:0dR10i73opHXuRuLbgxltM";"Mayhem";"1994-05-24";"https://i.scdn.co/image/ab67616d0000b273a15aa418689bb9928edf9c5a";"1";"2";"383053";"";"false";"0";"spotify:user:";"2020-03-05T14:01:46Z"
"spotify:track:2JIRtFAIUkd86PQD12Hm7r";"Transilvanian Hunger - Studio";"spotify:artist:7kWnE981vITXDnAD2cZmCV";"Darkthrone";"spotify:album:4a4g7PAi7KRsCQykBFqE5E";"Transilvanian Hunger";"spotify:artist:7kWnE981vITXDnAD2cZmCV";"Darkthrone";"1994-02-17";"https://i.scdn.co/image/ab67616d0000b27314162dce63b77ff4d37a25d3";"1";"1";"369760";"https://p.scdn.co/mp3-preview/327e65e37ac925303bdc6193e07f1b8d4e48cdd6?cid=9950ac751e34487dbbe027c4fd7f8e99";"true";"47";"spotify:user:";"2020-03-05T14:01:46Z"
"spotify:track:56nzy7oZcXjCsgSwspgXwp";"One By One";"spotify:artist:2mVTkiwfm4ic6DnHpmFq8K";"Immortal";"spotify:album:1f9lxBFQyaKAgzihQPAG1s";"Sons Of Northern Darkness";"spotify:artist:2mVTkiwfm4ic6DnHpmFq8K";"Immortal";"2002-02-04";"https://i.scdn.co/image/ab67616d0000b2732bbd5e92230211fa9b0d6a77";"1";"1";"298736";"";"false";"0";"spotify:user:";"2020-03-05T14:01:46Z"
"spotify:track:14JG4VbsqeLsFuDJlkybOT";"From the Cradle to Enslave";"spotify:artist:0NTSMFFapnyZfvmCwzcYPd";"Cradle Of Filth";"spotify:album:1mrpcE3ikZEzH8z0e8j8cp";"From The Cradle To Enslave";"spotify:artist:0NTSMFFapnyZfvmCwzcYPd";"Cradle Of Filth";"1999-06-05";"https://i.scdn.co/image/ab67616d0000b27390f43a04dae071fedd828cd9";"1";"1";"397160";"https://p.scdn.co/mp3-preview/d37262012a3b3f78b1a977912e6d88f768af5ac4?cid=9950ac751e34487dbbe027c4fd7f8e99";"false";"47";"spotify:user:";"2020-03-05T14:01:46Z"
"spotify:track:0M82wZjP8IGboFGIOiw1ah";"K.I.N.G";"spotify:artist:221Rd0FvVxMx7eCbWqjiKd";"Satyricon";"spotify:album:5ux0kZmUpHgNZ1Lsmwjngv";"Now; Diabolical";"spotify:artist:221Rd0FvVxMx7eCbWqjiKd";"Satyricon";"2006-04-07";"https://i.scdn.co/image/ab67616d0000b2731664ee9bd30b71da7326812f";"1";"2";"216346";"";"false";"1";"spotify:user:";"2020-03-05T14:01:46Z"
"spotify:track:2EtRPQYWoopp8wNu24LFVJ";"Gateways";"spotify:artist:6e8ISIsI7UQZPyEorefAhK";"Dimmu Borgir";"spotify:album:2JjRfroQtAGr3Rs1wbmVKK";"Abrahadabra";"spotify:artist:6e8ISIsI7UQZPyEorefAhK";"Dimmu Borgir";"2010";"https://i.scdn.co/image/ab67616d0000b273842eeb58431d432faad0ddcc";"1";"3";"310026";"";"false";"0";"spotify:user:";"2020-03-05T14:01:46Z"
"spotify:track:5XnyWvKPVgJsVKmUjFbMv3";"The Exorcist";"spotify:artist:0ZEpcKtaM4ItvzHJCg5udc";"Possessed";"spotify:album:3Odnpp1zUsv6Ab2R8iOqnd";"Seven Churches";"spotify:artist:0ZEpcKtaM4ItvzHJCg5udc";"Possessed";"1985";"https://i.scdn.co/image/ab67616d0000b27344bb51ac96f2a7bafab65577";"1";"1";"291333";"https://p.scdn.co/mp3-preview/9e2e2be7a6fe5c69211db74b38c497e3c14dd534?cid=9950ac751e34487dbbe027c4fd7f8e99";"false";"41";"spotify:user:";"2020-03-05T14:01:46Z"
"spotify:track:5hmek3mrSYvfSElBsPNbxo";"Immortal Rites";"spotify:artist:35jmO5o3AhUV70kiR7u4Nw";"Morbid Angel";"spotify:album:2vWHACnDiSnFM52octEvY0";"Altars of Madness";"spotify:artist:35jmO5o3AhUV70kiR7u4Nw";"Morbid Angel";"1989";"https://i.scdn.co/image/ab67616d0000b2733e5b915ca435eb4e2b0d743e";"1";"1";"243520";"https://p.scdn.co/mp3-preview/7ec8cdf769f99313fb0e6219b93bbdcd0d2a80bd?cid=9950ac751e34487dbbe027c4fd7f8e99";"false";"45";"spotify:user:";"2020-03-05T14:01:46Z"
"spotify:track:5faD0zZ9fMa3J5ZN3lIWtp";"Left Hand Path";"spotify:artist:2pnezMcaiTHfGmgmGQjLsB";"Entombed";"spotify:album:5nrZejD99ZmAXrmrouIJcU";"Left Hand Path";"spotify:artist:2pnezMcaiTHfGmgmGQjLsB";"Entombed";"1990";"https://i.scdn.co/image/ab67616d0000b273731794970611e9e768f5ae86";"1";"1";"399093";"https://p.scdn.co/mp3-preview/9704e088b5e8177f239b094cfefd7dd065d48075?cid=9950ac751e34487dbbe027c4fd7f8e99";"false";"48";"spotify:user:";"2020-03-05T14:01:46Z"
"spotify:track:0dpFb4qv92TE9R00Lq4SAW";"Symbolic";"spotify:artist:4f5V3PQ66nIrBCqugJtaGn";"Death";"spotify:album:1QgFthItpbxvMXlgGjvhBR";"Symbolic (Remastered Version)";"spotify:artist:4f5V3PQ66nIrBCqugJtaGn";"Death";"1995-03-19";"https://i.scdn.co/image/ab67616d0000b273014e93e47bf1dc746cab4930";"1";"1";"392800";"https://p.scdn.co/mp3-preview/11a7a4538f16e16c84c39f20e5817ae03226b71c?cid=9950ac751e34487dbbe027c4fd7f8e99";"false";"52";"spotify:user:";"2020-03-05T14:01:46Z"
"spotify:track:4pFC6tuWErxbO61oFFq3BQ";"Hammer Smashed Face";"spotify:artist:0yLwGBQiBqhXOvmTfH2A7n";"Cannibal Corpse";"spotify:album:2yPAe2RJCfrfV97c8FKKjb";"Tomb Of The Mutilated";"spotify:artist:0yLwGBQiBqhXOvmTfH2A7n";"Cannibal Corpse";"1992";"https://i.scdn.co/image/ab67616d0000b27386ffd7a7e379a87c13d1b036";"1";"1";"242760";"https://p.scdn.co/mp3-preview/3b709d8a0f07448e88db9bf5003e0c8ce5a5946e?cid=9950ac751e34487dbbe027c4fd7f8e99";"false";"56";"spotify:user:";"2020-03-05T14:01:46Z"
"spotify:track:2P255nGNuxA0sYbza2JrX9";"The Drapery Falls";"spotify:artist:0ybFZ2Ab08V8hueghSXm6E";"Opeth";"spotify:album:7cZ28J8KH0y3UV3O3WHqqV";"Black Water Park";"spotify:artist:0ybFZ2Ab08V8hueghSXm6E";"Opeth";"2001-02-27";"https://i.scdn.co/image/ab67616d0000b27355c76590a605467d4058b12e";"1";"4";"653866";"";"false";"0";"spotify:user:";"2020-03-05T14:01:46Z"
"spotify:track:0EV08ZFYMYsc8hCwDuC97H";"War Eternal";"spotify:artist:0DCw6lHkzh9t7f8Hb4Z0Sx";"Arch Enemy";"spotify:album:5E6UIBrjkiPeoLHGaT64eS";"War Eternal";"spotify:artist:0DCw6lHkzh9t7f8Hb4Z0Sx";"Arch Enemy";"2014-06-09";"https://i.scdn.co/image/ab67616d0000b2730812d6f4c77df063a55bfa36";"1";"3";"256053";"";"false";"0";"spotify:user:";"2020-03-05T14:01:46Z"
"spotify:track:0jaoj7WsNIXxyqIM9i3a5s";"Blow Your Trumpets Gabriel";"spotify:artist:1MK0sGeyTNkbefYGj673e9";"Behemoth";"spotify:album:5CRRJ1czZ1jwM1VuWGXg7l";"The Satanist";"spotify:artist:1MK0sGeyTNkbefYGj673e9";"Behemoth";"2014-02-07";"https://i.scdn.co/image/ab67616d0000b273b9c687dc78a5a2df898c80c4";"1";"1";"265440";"";"false";"0";"spotify:user:";"2020-03-05T14:01:46Z"
"spotify:track:2Vy4z1ZUN7RvN7syWI2yef";"Slaughter Of The Soul";"spotify:artist:6YXarbjg36ODFPez0PnOlD";"At The Gates";"spotify:album:1m0px7K5tJndjxU6RIuL8U";"Slaughter Of The Soul";"spotify:artist:6YXarbjg36ODFPez0PnOlD";"At The Gates";"1995";"https://i.scdn.co/image/ab67616d0000b273c88cbdf5c897cfd7407196d9";"1";"2";"183093";"https://p.scdn.co/mp3-preview/95896d39a2d012979c317f0b52767dde0e328b45?cid=9950ac751e34487dbbe027c4fd7f8e99";"false";"50";"spotify:user:";"2020-03-05T14:01:46Z"
"spotify:track:5b8ZZ6XTkrhsSkacguqkCv";"Holy War";"spotify:artist:3et9upNERQI5IYt5jEDTxM";"Thy Art Is Murder";"spotify:album:1oh8S4Wrgv8OkvrUhuur4Z";"Holy War";"spotify:artist:3et9upNERQI5IYt5jEDTxM";"Thy Art Is Murder";"2015-06-26";"https://i.scdn.co/image/ab67616d0000b2734ed714cb339acc5298bcdeeb";"1";"3";"240240";"";"true";"0";"spotify:user:";"2020-03-05T14:01:46Z"
"spotify:track:5gNyrx8elXaXXs3vFC1ufZ";"Raise Your Horns";"spotify:artist:3pulcT2wt7FEG10lQlqDJL";"Amon Amarth";"spotify:album:79GLbXCHnsOG9TBzvtS3sy";"Jomsviking";"spotify:artist:3pulcT2wt7FEG10lQlqDJL";"Amon Amarth";"2016-03-25";"https://i.scdn.co/image/ab67616d0000b273a6c97e91aad5eecb10919b15";"1";"5";"263786";"https://p.scdn.co/mp3-preview/937ccb0c24b39b4d66b5030270404dd1a34ba020?cid=9950ac751e34487dbbe027c4fd7f8e99";"false";"57";"spotify:user:";"2020-03-05T14:01:46Z"
